year,month,region,city1,city2,sales_amounts,sales_volume,prices
2014,1,경남,거창,거창,47,71,665
2014,1,경남,의령,의령군,77,129,599
2014,1,경남,창녕,밀양,167,282,591
2014,1,경남,함양,산청,321,471,683
2014,1,경남,합천,합천,6,12,500
2014,1,경북,경산,대구,91,128,710
2014,1,경북,김천,추풍령,252,342,737
2014,1,경북,문경,문경,107,132,810
2014,1,경북,안동,안동,53,68,777
2014,1,경북,영천,영천,244,356,687
2014,1,경북,의성,의성,87,123,708
2014,1,전남,고흥,고흥,28,48,572
2014,1,전남,무안,목포,4179,5970,700
2014,1,전남,신안,목포,1112,1637,679
2014,1,전남,영암,강진군,58,94,615
2014,1,전남,장흥,장흥,7,15,476
2014,1,전남,함평,영광,1224,1732,706
2014,1,전남,해남,해남,62,94,658
2014,1,전북,고창,고창,42,63,673
2014,1,전북,부안,부안,30,45,678
2014,1,전북,익산,군산,98,151,644
2014,1,충남,서산,서산,10,15,690
2014,2,경기,구리,서울,54,111,481
2014,2,경남,거창,거창,19,40,462
2014,2,경남,의령,의령군,64,103,619
2014,2,경남,창녕,밀양,82,151,541
2014,2,경남,함양,산청,95,172,551
2014,2,경남,합천,합천,95,163,579
2014,2,경북,경산,대구,272,442,616
2014,2,경북,김천,추풍령,184,277,663
2014,2,경북,문경,문경,103,148,698
2014,2,경북,안동,안동,7,14,475
2014,2,경북,영천,영천,246,453,543
2014,2,경북,의성,의성,23,31,755
2014,2,광주,광주서구,광주,2,12,177
2014,2,전남,무안,목포,3247,5225,621
2014,2,전남,신안,목포,797,1343,593
2014,2,전남,함평,영광,1007,1577,639
2014,2,전남,해남,해남,161,325,496
2014,2,전북,고창,고창,131,230,568
2014,2,전북,부안,부안,11,19,616
2014,2,전북,완주,전주,6,11,516
2014,2,전북,익산,군산,16,31,524
2014,2,제주,제주,제주,11,21,528
2014,2,충남,논산,부여,8,13,613
2014,2,충남,서산,서산,0,1,219
2014,3,경기,구리,서울,381,815,467
2014,3,경남,거창,거창,33,88,379
2014,3,경남,밀양,밀양,15,28,543
2014,3,경남,의령,의령군,50,107,469
2014,3,경남,창녕,밀양,417,903,462
2014,3,경남,함양,산청,109,231,472
2014,3,경남,합천,합천,58,142,408
2014,3,경북,경산,대구,155,386,402
2014,3,경북,군위,의성,5,15,321
2014,3,경북,김천,추풍령,211,369,572
2014,3,경북,문경,문경,55,103,529
2014,3,경북,안동,안동,40,101,393
2014,3,경북,영천,영천,436,935,466
2014,3,경북,의성,의성,10,22,452
2014,3,대구,달성,대구,6,14,385
2014,3,전남,고흥,고흥,8,18,435
2014,3,전남,나주,광주,2,4,380
2014,3,전남,무안,목포,3134,6434,487
2014,3,전남,신안,목포,800,1675,477
2014,3,전남,영암,강진군,24,44,534
2014,3,전남,장흥,장흥,26,50,531
2014,3,전남,함평,영광,1358,2659,510
2014,3,전남,해남,해남,77,166,461
2014,3,전북,고창,고창,104,204,508
2014,3,전북,부안,부안,79,191,415
2014,3,전북,완주,전주,31,60,518
2014,3,전북,익산,군산,13,47,284
2014,3,제주,서귀포,서귀포,6,11,540
2014,3,제주,제주,제주,60,164,365
2014,3,충남,논산,부여,2,5,380
2014,4,경기,구리,서울,310,593,523
2014,4,경남,의령,의령군,32,61,518
2014,4,경남,창녕,밀양,138,329,421
2014,4,경남,함양,산청,62,160,388
2014,4,경남,합천,합천,99,264,374
2014,4,경북,경산,대구,16,33,486
2014,4,경북,군위,의성,72,151,473
2014,4,경북,김천,추풍령,141,194,726
2014,4,경북,안동,안동,18,45,409
2014,4,경북,영천,영천,216,411,525
2014,4,경북,의성,의성,79,167,473
2014,4,광주,광주서구,광주,25,44,584
2014,4,전남,고흥,고흥,553,1018,543
2014,4,전남,나주,광주,15,31,480
2014,4,전남,무안,목포,2721,4842,562
2014,4,전남,신안,목포,253,555,457
2014,4,전남,여수,여수,21,51,411
2014,4,전남,영암,강진군,123,200,615
2014,4,전남,장흥,장흥,51,114,450
2014,4,전남,함평,영광,435,753,578
2014,4,전남,해남,해남,10,19,498
2014,4,전북,고창,고창,124,196,636
2014,4,전북,부안,부안,71,186,381
2014,4,전북,완주,전주,20,40,514
2014,4,제주,서귀포,서귀포,562,995,565
2014,4,제주,제주,제주,2833,5050,561
2014,5,경기,구리,서울,339,692,490
2014,5,경남,밀양,밀양,34,68,496
2014,5,경남,의령,의령군,64,147,437
2014,5,경남,창녕,밀양,229,562,408
2014,5,경남,함양,산청,12,28,415
2014,5,경남,합천,합천,13,37,341
2014,5,경북,경산,대구,41,73,560
2014,5,경북,김천,추풍령,66,141,466
2014,5,경북,문경,문경,2,4,512
2014,5,경북,영천,영천,30,51,591
2014,5,대구,달성,대구,10,25,392
2014,5,전남,고흥,고흥,307,596,515
2014,5,전남,나주,광주,14,41,351
2014,5,전남,무안,목포,8190,17297,473
2014,5,전남,신안,목포,684,1400,488
2014,5,전남,여수,여수,27,59,450
2014,5,전남,장흥,장흥,131,332,394
2014,5,전남,함평,영광,1050,2216,474
2014,5,전남,해남,해남,318,749,425
2014,5,전북,고창,고창,136,256,532
2014,5,제주,서귀포,서귀포,7,11,583
2014,5,제주,제주,제주,548,992,553
2014,5,충남,논산,부여,4,6,673
2014,5,충남,서산,서산,33,63,519
2014,6,경기,구리,서울,300,842,356
2014,6,경남,밀양,밀양,9,29,322
2014,6,경남,의령,의령군,83,244,338
2014,6,경남,창녕,밀양,357,1044,342
2014,6,경남,함양,산청,122,318,385
2014,6,경남,합천,합천,91,262,348
2014,6,경북,경산,대구,43,108,396
2014,6,경북,고령,합천,11,43,267
2014,6,경북,군위,의성,5,12,432
2014,6,경북,김천,추풍령,335,1121,299
2014,6,경북,영주,영주,6,15,375
2014,6,경북,영천,영천,20,56,366
2014,6,광주,광주서구,광주,14,51,282
2014,6,대구,달성,대구,16,42,379
2014,6,전남,고흥,고흥,52,176,296
2014,6,전남,나주,광주,31,98,311
2014,6,전남,무안,목포,4267,10876,392
2014,6,전남,신안,목포,116,342,340
2014,6,전남,영암,강진군,16,60,261
2014,6,전남,장흥,장흥,153,523,294
2014,6,전남,함평,영광,507,1557,326
2014,6,전남,해남,해남,395,1313,301
2014,6,전북,고창,고창,14,46,298
2014,6,전북,부안,부안,92,273,336
2014,6,전북,완주,전주,6,15,367
2014,6,전북,익산,군산,31,117,266
2014,6,제주,서귀포,서귀포,1,5,174
2014,6,제주,제주,제주,21,54,391
2014,6,충남,논산,부여,29,91,314
2014,6,충남,서산,서산,195,518,376
2014,7,경기,구리,서울,201,553,364
2014,7,경남,밀양,밀양,9,24,361
2014,7,경남,의령,의령군,0,0,310
2014,7,경남,창녕,밀양,370,1151,321
2014,7,경남,함양,산청,137,422,326
2014,7,경남,합천,합천,31,144,219
2014,7,경북,경산,대구,7,26,262
2014,7,경북,구미,구미,6,35,186
2014,7,경북,군위,의성,111,270,409
2014,7,경북,김천,추풍령,227,583,390
2014,7,경북,문경,문경,26,63,412
2014,7,경북,안동,안동,4,26,150
2014,7,경북,영주,영주,26,76,335
2014,7,경북,영천,영천,1,3,194
2014,7,전남,고흥,고흥,28,84,336
2014,7,전남,나주,광주,1,6,160
2014,7,전남,무안,목포,3157,8435,374
2014,7,전남,신안,목포,350,992,352
2014,7,전남,영암,강진군,15,53,289
2014,7,전남,장흥,장흥,84,265,319
2014,7,전남,함평,영광,755,1965,384
2014,7,전남,해남,해남,223,734,304
2014,7,전북,고창,고창,10,40,251
2014,7,전북,부안,부안,184,488,376
2014,7,전북,완주,전주,19,47,399
2014,7,전북,익산,군산,74,148,496
2014,7,제주,제주,제주,1,4,280
2014,7,충남,논산,부여,12,30,403
2014,7,충남,서산,서산,113,291,388
2014,8,경기,구리,서울,313,742,421
2014,8,경남,거창,거창,2,3,750
2014,8,경남,밀양,밀양,27,66,403
2014,8,경남,의령,의령군,2,10,166
2014,8,경남,창녕,밀양,496,1332,372
2014,8,경남,함양,산청,116,295,392
2014,8,경남,합천,합천,25,68,369
2014,8,경북,경산,대구,16,43,372
2014,8,경북,고령,합천,1,2,395
2014,8,경북,구미,구미,31,84,372
2014,8,경북,군위,의성,85,203,417
2014,8,경북,김천,추풍령,222,534,415
2014,8,경북,안동,안동,1,3,352
2014,8,경북,영주,영주,56,121,458
2014,8,경북,영천,영천,72,170,421
2014,8,대구,달성,대구,87,191,456
2014,8,전남,나주,광주,14,39,345
2014,8,전남,무안,목포,3349,7143,469
2014,8,전남,신안,목포,535,1179,453
2014,8,전남,영암,강진군,28,82,335
2014,8,전남,장흥,장흥,148,340,434
2014,8,전남,함평,영광,1046,2091,500
2014,8,전남,해남,해남,258,739,349
2014,8,전북,고창,고창,5,34,155
2014,8,전북,부안,부안,157,308,509
2014,8,전북,완주,전주,11,18,624
2014,8,전북,익산,군산,159,328,484
2014,8,제주,제주,제주,7,16,424
2014,8,충남,논산,부여,4,11,358
2014,8,충남,서산,서산,183,368,498
2014,9,경기,구리,서울,323,719,449
2014,9,경남,밀양,밀양,10,28,336
2014,9,경남,창녕,밀양,554,1302,426
2014,9,경남,함양,산청,107,246,436
2014,9,경남,합천,합천,40,81,488
2014,9,경북,경산,대구,47,122,386
2014,9,경북,고령,합천,2,5,379
2014,9,경북,구미,구미,23,62,374
2014,9,경북,군위,의성,38,74,510
2014,9,경북,김천,추풍령,49,112,435
2014,9,경북,문경,문경,9,18,514
2014,9,경북,영주,영주,1,2,425
2014,9,경북,영천,영천,86,206,418
2014,9,경북,의성,의성,18,32,555
2014,9,대구,달성,대구,75,151,498
2014,9,전남,고흥,고흥,6,14,415
2014,9,전남,나주,광주,35,80,435
2014,9,전남,무안,목포,2481,5235,474
2014,9,전남,신안,목포,447,988,453
2014,9,전남,영암,강진군,5,14,348
2014,9,전남,장흥,장흥,81,192,425
2014,9,전남,함평,영광,1050,2155,487
2014,9,전남,해남,해남,422,1053,401
2014,9,전북,부안,부안,139,267,518
2014,9,전북,완주,전주,48,92,520
2014,9,전북,익산,군산,27,69,388
2014,9,제주,제주,제주,0,1,200
2014,9,충남,논산,부여,6,13,446
2014,9,충남,서산,서산,92,191,482
2014,10,경기,구리,서울,386,945,408
2014,10,경남,밀양,밀양,48,150,317
2014,10,경남,창녕,밀양,644,1606,401
2014,10,경남,함양,산청,162,411,395
2014,10,경남,합천,합천,13,31,421
2014,10,경북,경산,대구,62,179,347
2014,10,경북,고령,합천,40,103,391
2014,10,경북,군위,의성,30,64,460
2014,10,경북,김천,추풍령,35,79,439
2014,10,경북,문경,문경,7,16,442
2014,10,경북,안동,안동,3,12,280
2014,10,경북,영천,영천,74,172,428
2014,10,경북,의성,의성,52,113,456
2014,10,대구,달성,대구,61,135,454
2014,10,전남,나주,광주,8,19,410
2014,10,전남,무안,목포,3720,8256,451
2014,10,전남,신안,목포,648,1479,438
2014,10,전남,영암,강진군,61,140,437
2014,10,전남,장흥,장흥,11,29,369
2014,10,전남,함평,영광,909,1805,504
2014,10,전남,해남,해남,449,1166,385
2014,10,전북,고창,고창,12,35,343
2014,10,전북,부안,부안,174,414,419
2014,10,충남,논산,부여,2,4,457
2014,10,충남,서산,서산,40,89,450
2014,11,경기,구리,서울,524,1211,433
2014,11,경남,거창,거창,6,15,419
2014,11,경남,밀양,밀양,19,45,416
2014,11,경남,의령,의령군,22,59,370
2014,11,경남,창녕,밀양,491,1218,403
2014,11,경남,함양,산청,141,343,409
2014,11,경남,합천,합천,8,30,279
2014,11,경북,경산,대구,54,123,440
2014,11,경북,군위,의성,46,98,473
2014,11,경북,김천,추풍령,192,293,654
2014,11,경북,문경,문경,5,9,561
2014,11,경북,안동,안동,12,30,413
2014,11,경북,영천,영천,264,555,475
2014,11,경북,의성,의성,69,165,420
2014,11,전남,나주,광주,3,7,460
2014,11,전남,무안,목포,3117,6754,461
2014,11,전남,신안,목포,552,1235,447
2014,11,전남,영암,강진군,27,57,471
2014,11,전남,장흥,장흥,1,2,314
2014,11,전남,함평,영광,1361,2836,480
2014,11,전남,해남,해남,605,1292,468
2014,11,전북,고창,고창,8,19,410
2014,11,전북,부안,부안,119,216,548
2014,11,전북,완주,전주,20,30,667
2014,11,전북,익산,군산,1,5,288
2014,11,제주,제주,제주,1,5,219
2014,11,충남,서산,서산,52,104,499
2014,12,경기,구리,서울,577,1361,424
2014,12,경남,거창,거창,6,24,251
2014,12,경남,밀양,밀양,11,29,375
2014,12,경남,의령,의령군,39,107,368
2014,12,경남,창녕,밀양,643,1749,368
2014,12,경남,함양,산청,332,709,468
2014,12,경남,합천,합천,42,110,385
2014,12,경북,경산,대구,46,106,435
2014,12,경북,고령,합천,6,15,371
2014,12,경북,군위,의성,154,339,453
2014,12,경북,김천,추풍령,65,120,537
2014,12,경북,문경,문경,7,12,624
2014,12,경북,안동,안동,17,42,404
2014,12,경북,영천,영천,210,484,433
2014,12,경북,의성,의성,34,80,428
2014,12,대구,달성,대구,7,14,500
2014,12,전남,고흥,고흥,23,67,337
2014,12,전남,나주,광주,15,33,462
2014,12,전남,무안,목포,4073,8716,467
2014,12,전남,신안,목포,470,1075,437
2014,12,전남,영암,강진군,47,110,427
2014,12,전남,장흥,장흥,7,15,424
2014,12,전남,함평,영광,1258,2439,516
2014,12,전남,해남,해남,149,311,479
2014,12,전북,부안,부안,34,60,565
2014,12,충남,논산,부여,0,0,500
2014,12,충남,서산,서산,98,185,528
2015,1,경기,구리,서울,489,1103,443
2015,1,경남,거창,거창,27,72,380
2015,1,경남,의령,의령군,23,46,499
2015,1,경남,창녕,밀양,600,1369,439
2015,1,경남,함양,산청,498,1119,445
2015,1,경남,합천,합천,116,286,405
2015,1,경북,경산,대구,36,86,421
2015,1,경북,고령,합천,8,20,388
2015,1,경북,군위,의성,174,379,459
2015,1,경북,김천,추풍령,206,433,475
2015,1,경북,문경,문경,12,19,620
2015,1,경북,안동,안동,13,31,411
2015,1,경북,영천,영천,216,478,452
2015,1,경북,의성,의성,112,279,400
2015,1,광주,광주서구,광주,7,15,500
2015,1,대구,달성,대구,50,114,435
2015,1,대구,대구중구,대구,12,27,453
2015,1,전남,고흥,고흥,15,33,443
2015,1,전남,나주,광주,3,6,519
2015,1,전남,무안,목포,3691,7557,488
2015,1,전남,신안,목포,671,1332,504
2015,1,전남,영암,강진군,43,90,479
2015,1,전남,장흥,장흥,33,68,484
2015,1,전남,함평,영광,1127,2279,494
2015,1,전남,해남,해남,246,624,394
2015,1,전북,고창,고창,50,105,475
2015,1,전북,부안,부안,23,48,482
2015,1,전북,완주,전주,4,9,414
2015,1,충남,논산,부여,4,13,332
2015,1,충남,서산,서산,69,134,514
2015,2,경기,구리,서울,379,775,489
2015,2,경남,거창,거창,36,65,551
2015,2,경남,의령,의령군,51,114,444
2015,2,경남,창녕,밀양,434,988,439
2015,2,경남,함양,산청,353,658,537
2015,2,경남,합천,합천,209,410,509
2015,2,경북,경산,대구,113,229,496
2015,2,경북,고령,합천,17,50,331
2015,2,경북,군위,의성,244,436,560
2015,2,경북,김천,추풍령,332,588,564
2015,2,경북,문경,문경,30,41,743
2015,2,경북,안동,안동,7,23,314
2015,2,경북,영주,영주,20,50,402
2015,2,경북,영천,영천,333,601,554
2015,2,경북,의성,의성,136,284,480
2015,2,대구,달성,대구,20,43,459
2015,2,대구,대구중구,대구,8,19,404
2015,2,전남,고흥,고흥,3,15,216
2015,2,전남,나주,광주,15,33,459
2015,2,전남,무안,목포,3553,6045,588
2015,2,전남,신안,목포,279,493,567
2015,2,전남,영암,강진군,82,161,513
2015,2,전남,장흥,장흥,69,124,555
2015,2,전남,함평,영광,884,1496,591
2015,2,전남,해남,해남,285,747,382
2015,2,전북,고창,고창,247,392,631
2015,2,전북,부안,부안,160,323,494
2015,2,제주,제주,제주,18,40,456
2015,2,충남,서산,서산,60,112,540
2015,3,경기,구리,서울,460,960,479
2015,3,경남,거창,거창,23,42,552
2015,3,경남,밀양,밀양,0,2,191
2015,3,경남,의령,의령군,26,44,594
2015,3,경남,창녕,밀양,467,982,476
2015,3,경남,창원의창,북창원,2,15,169
2015,3,경남,함양,산청,440,809,543
2015,3,경남,합천,합천,290,532,545
2015,3,경북,경산,대구,84,155,538
2015,3,경북,고령,합천,7,30,238
2015,3,경북,군위,의성,324,609,532
2015,3,경북,김천,추풍령,317,447,710
2015,3,경북,안동,안동,12,29,417
2015,3,경북,영천,영천,783,1382,567
2015,3,경북,의성,의성,245,464,528
2015,3,광주,광주서구,광주,7,14,471
2015,3,대구,대구중구,대구,107,188,568
2015,3,전남,나주,광주,30,70,425
2015,3,전남,무안,목포,3852,6604,583
2015,3,전남,신안,목포,667,1217,548
2015,3,전남,영암,강진군,75,140,533
2015,3,전남,장흥,장흥,79,131,603
2015,3,전남,함평,영광,1028,1817,566
2015,3,전남,해남,해남,268,676,397
2015,3,전북,고창,고창,299,529,566
2015,3,전북,부안,부안,180,257,700
2015,3,전북,완주,전주,34,48,717
2015,3,제주,제주,제주,50,123,408
2015,3,충남,서산,서산,10,12,846
2015,4,경기,구리,서울,582,994,586
2015,4,경남,거창,거창,7,25,294
2015,4,경남,밀양,밀양,0,1,490
2015,4,경남,의령,의령군,14,24,596
2015,4,경남,창녕,밀양,397,976,407
2015,4,경남,함양,산청,211,448,471
2015,4,경남,합천,합천,224,435,516
2015,4,경북,경산,대구,106,197,538
2015,4,경북,고령,합천,6,8,724
2015,4,경북,군위,의성,194,325,596
2015,4,경북,김천,추풍령,369,431,856
2015,4,경북,문경,문경,20,21,930
2015,4,경북,영주,영주,15,24,600
2015,4,경북,영천,영천,598,1058,565
2015,4,경북,의성,의성,184,383,480
2015,4,대구,달성,대구,15,32,474
2015,4,대구,대구중구,대구,115,184,627
2015,4,전남,고흥,고흥,1189,1745,681
2015,4,전남,나주,광주,9,17,540
2015,4,전남,무안,목포,3970,6625,599
2015,4,전남,신안,목포,1062,2995,355
2015,4,전남,여수,여수,159,242,659
2015,4,전남,영암,강진군,319,558,573
2015,4,전남,장흥,장흥,56,97,573
2015,4,전남,함평,영광,431,972,443
2015,4,전남,해남,해남,169,360,471
2015,4,전북,고창,고창,313,436,716
2015,4,전북,부안,부안,193,259,745
2015,4,전북,완주,전주,1,2,336
2015,4,제주,서귀포,서귀포,798,1074,743
2015,4,제주,제주,제주,3225,4394,734
2015,4,충남,서산,서산,86,112,770
2015,5,경기,구리,서울,589,853,691
2015,5,경남,거창,거창,15,19,775
2015,5,경남,밀양,밀양,12,22,551
2015,5,경남,의령,의령군,13,26,477
2015,5,경남,창녕,밀양,416,704,590
2015,5,경남,창원의창,북창원,4,8,510
2015,5,경남,함양,산청,15,26,573
2015,5,경남,합천,합천,56,86,648
2015,5,경북,경산,대구,58,91,633
2015,5,경북,고령,합천,42,71,598
2015,5,경북,군위,의성,44,65,670
2015,5,경북,김천,추풍령,54,89,606
2015,5,경북,문경,문경,17,23,757
2015,5,경북,안동,안동,43,81,526
2015,5,경북,영천,영천,43,72,589
2015,5,경북,의성,의성,20,25,781
2015,5,대구,달성,대구,11,15,735
2015,5,대구,대구중구,대구,519,898,578
2015,5,전남,고흥,고흥,1303,2148,607
2015,5,전남,나주,광주,23,45,517
2015,5,전남,무안,목포,10760,17321,621
2015,5,전남,신안,목포,230,391,588
2015,5,전남,여수,여수,91,142,638
2015,5,전남,영암,강진군,61,101,604
2015,5,전남,장흥,장흥,110,228,481
2015,5,전남,함평,영광,931,1589,586
2015,5,전남,해남,해남,666,1106,602
2015,5,전북,고창,고창,388,652,594
2015,5,전북,부안,부안,1,3,544
2015,5,제주,서귀포,서귀포,278,376,739
2015,5,제주,제주,제주,1840,2627,700
2015,5,충남,서산,서산,161,253,636
2015,6,경기,구리,서울,672,862,779
2015,6,경남,거창,거창,24,32,741
2015,6,경남,밀양,밀양,19,35,560
2015,6,경남,의령,의령군,90,105,852
2015,6,경남,창녕,밀양,882,1281,689
2015,6,경남,창원의창,북창원,19,35,552
2015,6,경남,함양,산청,190,251,754
2015,6,경남,합천,합천,376,530,710
2015,6,경북,경산,대구,77,107,718
2015,6,경북,고령,합천,308,411,750
2015,6,경북,구미,구미,34,37,921
2015,6,경북,군위,의성,122,152,803
2015,6,경북,김천,추풍령,485,577,841
2015,6,경북,문경,문경,4,6,646
2015,6,경북,안동,안동,6,8,717
2015,6,경북,영주,영주,52,56,923
2015,6,경북,영천,영천,67,80,836
2015,6,경북,의성,의성,20,29,709
2015,6,대구,달성,대구,41,72,564
2015,6,대구,대구중구,대구,181,271,669
2015,6,전남,고흥,고흥,199,297,670
2015,6,전남,나주,광주,34,52,653
2015,6,전남,무안,목포,10771,13115,821
2015,6,전남,신안,목포,156,222,702
2015,6,전남,여수,여수,96,128,747
2015,6,전남,영암,강진군,187,215,870
2015,6,전남,장흥,장흥,279,436,641
2015,6,전남,함평,영광,920,1195,770
2015,6,전남,해남,해남,1412,1855,761
2015,6,전북,고창,고창,255,312,817
2015,6,전북,부안,부안,37,51,718
2015,6,전북,완주,전주,45,44,1014
2015,6,전북,익산,군산,60,78,764
2015,6,제주,제주,제주,167,172,969
2015,6,충남,논산,부여,7,11,678
2015,6,충남,서산,서산,280,293,954
2015,7,경기,구리,서울,775,695,1115
2015,7,경남,거창,거창,48,42,1160
2015,7,경남,밀양,밀양,15,16,895
2015,7,경남,의령,의령군,4,5,932
2015,7,경남,창녕,밀양,1003,998,1006
2015,7,경남,창원의창,북창원,9,8,1098
2015,7,경남,함양,산청,452,430,1051
2015,7,경남,합천,합천,457,412,1111
2015,7,경북,경산,대구,49,47,1023
2015,7,경북,고령,합천,89,87,1020
2015,7,경북,구미,구미,84,81,1037
2015,7,경북,군위,의성,106,93,1140
2015,7,경북,김천,추풍령,229,226,1012
2015,7,경북,문경,문경,27,22,1218
2015,7,경북,안동,안동,5,5,1011
2015,7,경북,영천,영천,101,89,1132
2015,7,경북,의성,의성,184,170,1081
2015,7,대구,달성,대구,258,220,1175
2015,7,대구,대구중구,대구,71,89,804
2015,7,전남,고흥,고흥,1,1,833
2015,7,전남,나주,광주,25,23,1059
2015,7,전남,무안,목포,8218,7275,1130
2015,7,전남,신안,목포,406,379,1071
2015,7,전남,영암,강진군,148,143,1034
2015,7,전남,장흥,장흥,28,37,754
2015,7,전남,함평,영광,2012,1871,1075
2015,7,전남,해남,해남,699,711,984
2015,7,전북,고창,고창,94,89,1052
2015,7,전북,부안,부안,61,56,1090
2015,7,전북,완주,전주,10,10,1067
2015,7,전북,익산,군산,175,141,1237
2015,7,제주,제주,제주,186,171,1087
2015,7,충남,논산,부여,2,2,859
2015,7,충남,서산,서산,120,98,1219
2015,8,경기,구리,서울,1071,898,1193
2015,8,경남,거창,거창,29,29,994
2015,8,경남,의령,의령군,5,6,887
2015,8,경남,창녕,밀양,751,692,1086
2015,8,경남,창원의창,북창원,15,16,911
2015,8,경남,함양,산청,291,245,1187
2015,8,경남,합천,합천,187,141,1331
2015,8,경북,경산,대구,68,55,1230
2015,8,경북,고령,합천,16,15,1078
2015,8,경북,구미,구미,35,31,1154
2015,8,경북,군위,의성,98,77,1282
2015,8,경북,김천,추풍령,138,104,1326
2015,8,경북,문경,문경,13,9,1403
2015,8,경북,안동,안동,51,40,1267
2015,8,경북,의성,의성,505,387,1304
2015,8,대구,달성,대구,77,62,1237
2015,8,대구,대구중구,대구,49,40,1225
2015,8,전남,고흥,고흥,17,16,1061
2015,8,전남,나주,광주,2,2,976
2015,8,전남,무안,목포,7757,6044,1283
2015,8,전남,신안,목포,104,102,1024
2015,8,전남,영암,강진군,126,106,1188
2015,8,전남,장흥,장흥,13,21,608
2015,8,전남,함평,영광,2460,1870,1315
2015,8,전남,해남,해남,748,631,1184
2015,8,전북,고창,고창,112,87,1282
2015,8,전북,부안,부안,282,209,1349
2015,8,전북,익산,군산,37,32,1177
2015,8,충남,서산,서산,42,29,1441
2015,9,경기,구리,서울,971,896,1084
2015,9,경남,창녕,밀양,803,721,1114
2015,9,경남,함양,산청,123,99,1242
2015,9,경남,합천,합천,50,43,1156
2015,9,경북,경산,대구,62,49,1275
2015,9,경북,군위,의성,37,33,1122
2015,9,경북,김천,추풍령,197,159,1242
2015,9,경북,문경,문경,28,21,1333
2015,9,경북,안동,안동,30,24,1242
2015,9,경북,영천,영천,288,234,1232
2015,9,경북,의성,의성,288,225,1278
2015,9,대구,달성,대구,37,29,1298
2015,9,대구,대구중구,대구,34,30,1128
2015,9,전남,고흥,고흥,16,16,1024
2015,9,전남,나주,광주,10,9,1025
2015,9,전남,무안,목포,7409,5937,1248
2015,9,전남,신안,목포,351,293,1201
2015,9,전남,영암,강진군,213,173,1230
2015,9,전남,장흥,장흥,18,29,613
2015,9,전남,함평,영광,1856,1432,1296
2015,9,전남,해남,해남,544,467,1165
2015,9,전북,고창,고창,40,34,1199
2015,9,전북,부안,부안,295,208,1413
2015,9,전북,완주,전주,2,3,830
2015,9,전북,익산,군산,43,32,1310
2015,9,제주,서귀포,서귀포,6,4,1324
2015,9,제주,제주,제주,22,16,1351
2015,9,충남,서산,서산,2,1,1504
2015,10,경기,구리,서울,981,902,1088
2015,10,경남,밀양,밀양,12,10,1138
2015,10,경남,창녕,밀양,789,733,1077
2015,10,경남,창원의창,북창원,16,12,1309
2015,10,경남,함양,산청,123,96,1282
2015,10,경남,합천,합천,113,86,1309
2015,10,경북,경산,대구,129,106,1223
2015,10,경북,구미,구미,12,10,1261
2015,10,경북,군위,의성,163,123,1320
2015,10,경북,김천,추풍령,233,175,1332
2015,10,경북,문경,문경,27,19,1432
2015,10,경북,안동,안동,291,217,1343
2015,10,경북,영천,영천,142,106,1343
2015,10,경북,의성,의성,83,64,1304
2015,10,대구,달성,대구,47,37,1270
2015,10,대구,대구중구,대구,35,28,1237
2015,10,전남,고흥,고흥,46,35,1327
2015,10,전남,무안,목포,6310,4781,1320
2015,10,전남,신안,목포,182,163,1118
2015,10,전남,영암,강진군,154,112,1377
2015,10,전남,장흥,장흥,10,16,590
2015,10,전남,함평,영광,2790,2001,1394
2015,10,전남,해남,해남,550,470,1168
2015,10,전북,고창,고창,90,69,1308
2015,10,전북,부안,부안,232,166,1401
2015,10,제주,제주,제주,12,9,1361
2015,11,경기,구리,서울,958,864,1110
2015,11,경남,거창,거창,12,12,965
2015,11,경남,창녕,밀양,765,609,1256
2015,11,경남,창원의창,북창원,4,3,1269
2015,11,경남,함양,산청,344,231,1487
2015,11,경남,합천,합천,66,45,1465
2015,11,경북,경산,대구,168,103,1625
2015,11,경북,구미,구미,6,4,1565
2015,11,경북,군위,의성,100,71,1416
2015,11,경북,김천,추풍령,173,112,1541
2015,11,경북,문경,문경,53,34,1568
2015,11,경북,안동,안동,267,175,1531
2015,11,경북,영천,영천,197,129,1533
2015,11,경북,의성,의성,158,109,1453
2015,11,대구,달성,대구,41,26,1599
2015,11,대구,대구중구,대구,36,36,1000
2015,11,부산,연제,부산,9,10,889
2015,11,전남,고흥,고흥,24,16,1518
2015,11,전남,무안,목포,5905,3883,1521
2015,11,전남,신안,목포,177,152,1164
2015,11,전남,영암,강진군,347,236,1471
2015,11,전남,함평,영광,2107,1355,1555
2015,11,전남,해남,해남,420,332,1264
2015,11,전북,고창,고창,269,194,1384
2015,11,전북,부안,부안,313,187,1677
2015,11,제주,제주,제주,25,16,1589
2015,11,충남,논산,부여,3,4,666
2015,11,충남,서산,서산,2,1,1417
2015,12,경기,구리,서울,1243,969,1283
2015,12,경남,거창,거창,19,12,1607
2015,12,경남,의령,의령군,20,14,1400
2015,12,경남,창녕,밀양,514,389,1322
2015,12,경남,함양,산청,906,654,1385
2015,12,경남,합천,합천,0,0,1375
2015,12,경북,경산,대구,293,196,1497
2015,12,경북,고령,합천,5,4,1448
2015,12,경북,군위,의성,29,18,1646
2015,12,경북,김천,추풍령,144,96,1505
2015,12,경북,문경,문경,37,24,1525
2015,12,경북,안동,안동,192,124,1543
2015,12,경북,영주,영주,4,5,849
2015,12,경북,영천,영천,332,238,1394
2015,12,경북,의성,의성,296,197,1502
2015,12,광주,광주서구,광주,74,50,1476
2015,12,대구,달성,대구,67,44,1515
2015,12,부산,연제,부산,44,45,979
2015,12,전남,나주,광주,100,64,1558
2015,12,전남,무안,목포,4533,3159,1435
2015,12,전남,신안,목포,677,496,1367
2015,12,전남,영암,강진군,72,43,1667
2015,12,전남,장흥,장흥,8,12,688
2015,12,전남,함평,영광,1755,1115,1574
2015,12,전남,해남,해남,940,701,1340
2015,12,전북,고창,고창,250,168,1485
2015,12,전북,부안,부안,385,247,1554
2015,12,전북,익산,군산,123,84,1465
2015,12,제주,서귀포,서귀포,14,8,1724
2015,12,제주,제주,제주,30,20,1484
2015,12,충남,논산,부여,0,0,1267
2015,12,충남,서산,서산,0,0,2000
2016,1,경기,구리,서울,907,791,1146
2016,1,경남,거창,거창,135,100,1344
2016,1,경남,의령,의령군,20,15,1333
2016,1,경남,창녕,밀양,808,623,1296
2016,1,경남,함양,산청,583,450,1297
2016,1,경남,합천,합천,16,11,1406
2016,1,경북,경산,대구,38,26,1437
2016,1,경북,군위,의성,58,45,1283
2016,1,경북,김천,추풍령,349,237,1472
2016,1,경북,문경,문경,122,78,1553
2016,1,경북,안동,안동,66,51,1297
2016,1,경북,영천,영천,943,678,1392
2016,1,경북,의성,의성,230,172,1338
2016,1,광주,광주서구,광주,66,48,1359
2016,1,대구,달성,대구,55,45,1217
2016,1,대구,대구중구,대구,26,20,1312
2016,1,부산,연제,부산,67,68,979
2016,1,전남,무안,목포,4444,3180,1398
2016,1,전남,신안,목포,488,355,1376
2016,1,전남,영암,강진군,95,65,1457
2016,1,전남,장흥,장흥,24,29,843
2016,1,전남,함평,영광,2458,1719,1430
2016,1,전남,해남,해남,280,219,1277
2016,1,전북,고창,고창,181,122,1490
2016,1,전북,부안,부안,452,321,1405
2016,1,제주,서귀포,서귀포,14,10,1369
2016,1,충남,서산,서산,0,0,1600
2016,2,경기,구리,서울,687,522,1316
2016,2,경남,거창,거창,331,247,1342
2016,2,경남,창녕,밀양,667,501,1332
2016,2,경남,함양,산청,246,189,1301
2016,2,경남,합천,합천,38,29,1326
2016,2,경북,경산,대구,103,80,1281
2016,2,경북,고령,합천,11,8,1383
2016,2,경북,구미,구미,12,8,1485
2016,2,경북,군위,의성,183,141,1296
2016,2,경북,김천,추풍령,432,325,1332
2016,2,경북,문경,문경,112,75,1489
2016,2,경북,안동,안동,44,35,1240
2016,2,경북,영주,영주,13,10,1275
2016,2,경북,영천,영천,1419,1080,1313
2016,2,경북,의성,의성,382,308,1243
2016,2,대구,달성,대구,114,84,1361
2016,2,대구,대구중구,대구,53,45,1181
2016,2,부산,연제,부산,8,7,1210
2016,2,전남,고흥,고흥,19,15,1253
2016,2,전남,무안,목포,4459,3247,1373
2016,2,전남,신안,목포,437,340,1286
2016,2,전남,영암,강진군,397,272,1457
2016,2,전남,장흥,장흥,4,4,913
2016,2,전남,함평,영광,1265,915,1382
2016,2,전남,해남,해남,349,259,1347
2016,2,전북,고창,고창,70,50,1397
2016,2,전북,부안,부안,263,185,1425
2016,2,제주,제주,제주,10,6,1567
2016,2,충남,서산,서산,0,0,2000
2016,3,경기,구리,서울,1065,794,1342
2016,3,경남,거창,거창,623,464,1342
2016,3,경남,의령,의령군,14,16,874
2016,3,경남,창녕,밀양,1140,883,1291
2016,3,경남,창원의창,북창원,6,14,450
2016,3,경남,함양,산청,146,123,1190
2016,3,경남,합천,합천,159,167,950
2016,3,경북,경산,대구,46,32,1457
2016,3,경북,고령,합천,19,15,1286
2016,3,경북,군위,의성,110,101,1091
2016,3,경북,김천,추풍령,473,307,1540
2016,3,경북,문경,문경,27,16,1706
2016,3,경북,안동,안동,88,73,1201
2016,3,경북,영천,영천,1736,1311,1324
2016,3,경북,의성,의성,1153,867,1329
2016,3,광주,광주서구,광주,32,31,1031
2016,3,대구,달성,대구,118,95,1248
2016,3,대구,대구중구,대구,142,107,1326
2016,3,전남,고흥,고흥,110,133,827
2016,3,전남,무안,목포,6922,5176,1337
2016,3,전남,신안,목포,454,317,1431
2016,3,전남,여수,여수,3,3,888
2016,3,전남,영암,강진군,593,398,1490
2016,3,전남,장흥,장흥,52,54,952
2016,3,전남,함평,영광,2634,1853,1421
2016,3,전남,해남,해남,366,260,1407
2016,3,전북,고창,고창,177,139,1275
2016,3,전북,부안,부안,374,269,1390
2016,3,전북,완주,전주,55,67,828
2016,3,제주,서귀포,서귀포,8,8,1041
2016,3,제주,제주,제주,58,53,1091
2016,3,충남,서산,서산,74,58,1272
2016,4,경기,구리,서울,1069,1217,879
2016,4,경남,거창,거창,32,24,1325
2016,4,경남,의령,의령군,115,69,1664
2016,4,경남,창녕,밀양,474,509,931
2016,4,경남,창원의창,북창원,21,22,970
2016,4,경남,함양,산청,22,29,762
2016,4,경남,합천,합천,94,89,1055
2016,4,경북,경산,대구,142,167,847
2016,4,경북,고령,합천,22,25,880
2016,4,경북,구미,구미,8,14,543
2016,4,경북,군위,의성,63,63,991
2016,4,경북,김천,추풍령,242,180,1346
2016,4,경북,문경,문경,5,3,1435
2016,4,경북,영천,영천,553,504,1097
2016,4,경북,의성,의성,922,812,1136
2016,4,광주,광주서구,광주,32,35,909
2016,4,대구,달성,대구,88,105,842
2016,4,대구,대구중구,대구,201,269,746
2016,4,전남,고흥,고흥,2080,2895,718
2016,4,전남,나주,광주,144,130,1105
2016,4,전남,무안,목포,7291,7136,1022
2016,4,전남,신안,목포,695,837,831
2016,4,전남,여수,여수,298,360,827
2016,4,전남,영암,강진군,941,740,1271
2016,4,전남,장흥,장흥,168,276,609
2016,4,전남,함평,영광,1386,1183,1171
2016,4,전남,해남,해남,397,357,1110
2016,4,전북,고창,고창,683,651,1050
2016,4,전북,부안,부안,3,11,292
2016,4,제주,서귀포,서귀포,838,848,988
2016,4,제주,제주,제주,5495,6520,843
2016,4,충남,논산,부여,0,0,833
2016,4,충남,서산,서산,120,167,717
2016,5,경기,구리,서울,644,1192,541
2016,5,경남,거창,거창,1,2,337
2016,5,경남,밀양,밀양,20,34,597
2016,5,경남,의령,의령군,56,102,544
2016,5,경남,창녕,밀양,497,866,573
2016,5,경남,창원의창,북창원,14,26,522
2016,5,경남,함양,산청,86,136,635
2016,5,경남,합천,합천,78,133,585
2016,5,경북,경산,대구,29,63,459
2016,5,경북,고령,합천,174,286,608
2016,5,경북,구미,구미,13,20,644
2016,5,경북,군위,의성,18,34,536
2016,5,경북,김천,추풍령,4,9,486
2016,5,경북,문경,문경,4,6,703
2016,5,경북,안동,안동,16,27,576
2016,5,경북,영천,영천,103,120,857
2016,5,경북,의성,의성,401,346,1158
2016,5,대구,달성,대구,22,42,524
2016,5,대구,대구중구,대구,360,699,515
2016,5,부산,연제,부산,21,36,578
2016,5,전남,고흥,고흥,792,1604,494
2016,5,전남,나주,광주,6,11,490
2016,5,전남,무안,목포,9298,17400,534
2016,5,전남,신안,목포,420,872,482
2016,5,전남,여수,여수,61,124,490
2016,5,전남,영암,강진군,29,34,864
2016,5,전남,장흥,장흥,290,644,450
2016,5,전남,함평,영광,363,749,485
2016,5,전남,해남,해남,417,862,484
2016,5,전북,고창,고창,293,535,547
2016,5,전북,부안,부안,7,13,514
2016,5,제주,서귀포,서귀포,44,91,487
2016,5,제주,제주,제주,1147,2372,483
2016,5,충남,논산,부여,0,1,882
2016,5,충남,서산,서산,57,122,469
2016,6,경기,구리,서울,571,955,598
2016,6,경남,밀양,밀양,26,51,506
2016,6,경남,의령,의령군,174,278,626
2016,6,경남,창녕,밀양,669,1193,561
2016,6,경남,함양,산청,227,356,638
2016,6,경남,합천,합천,599,1091,549
2016,6,경북,경산,대구,15,28,548
2016,6,경북,고령,합천,214,387,551
2016,6,경북,구미,구미,36,68,537
2016,6,경북,군위,의성,26,62,413
2016,6,경북,김천,추풍령,189,341,556
2016,6,경북,문경,문경,31,42,731
2016,6,경북,안동,안동,12,25,477
2016,6,경북,영천,영천,64,107,602
2016,6,경북,의성,의성,105,99,1061
2016,6,광주,광주서구,광주,0,1,264
2016,6,대구,달성,대구,84,141,597
2016,6,대구,대구중구,대구,251,469,535
2016,6,전남,고흥,고흥,158,316,500
2016,6,전남,나주,광주,27,50,535
2016,6,전남,무안,목포,7646,12228,625
2016,6,전남,신안,목포,474,913,519
2016,6,전남,여수,여수,65,126,515
2016,6,전남,영암,강진군,117,213,552
2016,6,전남,장흥,장흥,190,410,462
2016,6,전남,함평,영광,404,743,544
2016,6,전남,해남,해남,853,1484,574
2016,6,전북,고창,고창,63,117,533
2016,6,전북,부안,부안,21,38,556
2016,6,전북,익산,군산,14,24,556
2016,6,제주,제주,제주,40,91,446
2016,6,충남,논산,부여,11,16,659
2016,6,충남,서산,서산,472,757,624
2016,7,경기,구리,서울,212,406,521
2016,7,경남,거창,거창,61,92,661
2016,7,경남,밀양,밀양,6,14,432
2016,7,경남,의령,의령군,97,167,583
2016,7,경남,창녕,밀양,459,847,542
2016,7,경남,함양,산청,113,193,587
2016,7,경남,합천,합천,231,478,483
2016,7,경북,경산,대구,24,42,576
2016,7,경북,고령,합천,90,180,497
2016,7,경북,구미,구미,28,49,565
2016,7,경북,군위,의성,96,166,578
2016,7,경북,김천,추풍령,184,329,560
2016,7,경북,문경,문경,30,39,763
2016,7,경북,영천,영천,58,103,561
2016,7,경북,의성,의성,95,85,1119
2016,7,대구,달성,대구,97,191,505
2016,7,대구,대구중구,대구,18,42,429
2016,7,부산,연제,부산,3,6,551
2016,7,전남,고흥,고흥,68,163,418
2016,7,전남,나주,광주,10,20,510
2016,7,전남,무안,목포,5707,9229,618
2016,7,전남,신안,목포,90,181,496
2016,7,전남,영암,강진군,22,24,931
2016,7,전남,장흥,장흥,80,188,428
2016,7,전남,함평,영광,705,1174,600
2016,7,전남,해남,해남,478,891,537
2016,7,전북,고창,고창,167,310,540
2016,7,전북,부안,부안,32,58,547
2016,7,전북,완주,전주,11,18,614
2016,7,전북,익산,군산,10,18,543
2016,7,제주,서귀포,서귀포,5,8,611
2016,7,제주,제주,제주,1,3,226
2016,7,충남,논산,부여,271,424,640
2016,7,충남,서산,서산,158,261,604
2016,8,경기,구리,서울,780,1149,679
2016,8,경남,거창,거창,42,57,728
2016,8,경남,밀양,밀양,19,34,567
2016,8,경남,의령,의령군,73,115,629
2016,8,경남,창녕,밀양,608,967,629
2016,8,경남,함양,산청,209,292,714
2016,8,경남,합천,합천,257,366,703
2016,8,경북,경산,대구,28,44,634
2016,8,경북,고령,합천,102,188,545
2016,8,경북,구미,구미,33,54,623
2016,8,경북,군위,의성,323,461,701
2016,8,경북,김천,추풍령,212,313,680
2016,8,경북,문경,문경,21,27,758
2016,8,경북,안동,안동,2,3,675
2016,8,경북,영천,영천,75,94,801
2016,8,경북,의성,의성,280,387,724
2016,8,광주,광주서구,광주,10,15,677
2016,8,대구,달성,대구,91,148,612
2016,8,대구,대구중구,대구,10,23,459
2016,8,부산,연제,부산,7,9,724
2016,8,전남,고흥,고흥,13,30,442
2016,8,전남,나주,광주,12,17,710
2016,8,전남,무안,목포,6362,8406,757
2016,8,전남,신안,목포,635,854,743
2016,8,전남,영암,강진군,58,74,779
2016,8,전남,장흥,장흥,10,26,367
2016,8,전남,함평,영광,1363,1727,789
2016,8,전남,해남,해남,414,633,653
2016,8,전북,고창,고창,165,250,658
2016,8,전북,부안,부안,174,221,789
2016,8,전북,완주,전주,22,31,708
2016,8,전북,익산,군산,63,96,652
2016,8,제주,제주,제주,5,8,626
2016,8,충남,논산,부여,33,50,650
2016,8,충남,서산,서산,168,220,761
2016,9,경기,구리,서울,724,906,800
2016,9,경남,밀양,밀양,35,44,789
2016,9,경남,의령,의령군,32,44,739
2016,9,경남,창녕,밀양,808,1119,722
2016,9,경남,함양,산청,159,203,783
2016,9,경남,합천,합천,278,364,764
2016,9,경북,경산,대구,49,68,710
2016,9,경북,고령,합천,31,44,710
2016,9,경북,구미,구미,35,52,667
2016,9,경북,군위,의성,216,270,799
2016,9,경북,김천,추풍령,77,103,742
2016,9,경북,안동,안동,65,85,760
2016,9,경북,영천,영천,511,638,802
2016,9,경북,의성,의성,135,170,798
2016,9,대구,달성,대구,79,100,791
2016,9,대구,대구중구,대구,83,111,741
2016,9,부산,연제,부산,14,23,610
2016,9,전남,나주,광주,4,8,544
2016,9,전남,무안,목포,6154,7346,838
2016,9,전남,신안,목포,858,1019,843
2016,9,전남,여수,여수,49,82,597
2016,9,전남,영암,강진군,25,25,1023
2016,9,전남,장흥,장흥,14,20,664
2016,9,전남,함평,영광,1120,1333,841
2016,9,전남,해남,해남,805,1135,709
2016,9,전북,고창,고창,161,205,787
2016,9,전북,부안,부안,210,224,934
2016,9,전북,완주,전주,120,161,744
2016,9,전북,익산,군산,26,39,686
2016,9,충남,서산,서산,211,249,848
2016,10,경기,구리,서울,712,922,773
2016,10,경남,거창,거창,13,15,886
2016,10,경남,밀양,밀양,11,14,759
2016,10,경남,의령,의령군,47,50,938
2016,10,경남,창녕,밀양,828,1105,749
2016,10,경남,함양,산청,77,89,863
2016,10,경남,합천,합천,297,364,816
2016,10,경북,경산,대구,17,22,796
2016,10,경북,고령,합천,55,73,751
2016,10,경북,구미,구미,25,30,815
2016,10,경북,군위,의성,126,151,831
2016,10,경북,김천,추풍령,127,154,822
2016,10,경북,문경,문경,16,16,984
2016,10,경북,안동,안동,26,39,676
2016,10,경북,영천,영천,625,729,859
2016,10,경북,의성,의성,207,259,798
2016,10,광주,광주서구,광주,85,95,897
2016,10,대구,달성,대구,144,190,760
2016,10,대구,대구중구,대구,20,28,692
2016,10,전남,고흥,고흥,11,15,700
2016,10,전남,나주,광주,154,177,872
2016,10,전남,무안,목포,6855,7833,875
2016,10,전남,신안,목포,955,1060,902
2016,10,전남,영암,강진군,262,281,932
2016,10,전남,장흥,장흥,9,11,830
2016,10,전남,함평,영광,1034,1164,888
2016,10,전남,해남,해남,814,1073,758
2016,10,전북,고창,고창,282,347,813
2016,10,전북,부안,부안,215,213,1005
2016,10,충남,논산,부여,92,100,920
2016,10,충남,서산,서산,36,43,837
2016,11,경기,구리,서울,676,748,903
2016,11,경남,거창,거창,217,250,870
2016,11,경남,의령,의령군,39,45,869
2016,11,경남,창녕,밀양,845,1049,806
2016,11,경남,함양,산청,130,146,890
2016,11,경남,합천,합천,247,279,887
2016,11,경북,경산,대구,14,18,801
2016,11,경북,고령,합천,23,27,849
2016,11,경북,군위,의성,265,299,886
2016,11,경북,김천,추풍령,291,330,884
2016,11,경북,문경,문경,35,34,1034
2016,11,경북,안동,안동,27,32,858
2016,11,경북,영천,영천,1157,1311,883
2016,11,경북,의성,의성,820,956,858
2016,11,광주,광주서구,광주,258,279,924
2016,11,대구,달성,대구,117,136,863
2016,11,대구,대구중구,대구,39,44,882
2016,11,부산,연제,부산,19,19,994
2016,11,전남,고흥,고흥,2,2,950
2016,11,전남,나주,광주,2,4,568
2016,11,전남,무안,목포,7436,8043,924
2016,11,전남,신안,목포,838,883,949
2016,11,전남,영암,강진군,33,29,1146
2016,11,전남,장흥,장흥,97,118,822
2016,11,전남,함평,영광,1650,1743,946
2016,11,전남,해남,해남,344,406,848
2016,11,전북,고창,고창,215,251,856
2016,11,전북,부안,부안,323,312,1034
2016,11,충남,논산,부여,323,340,949
2016,11,충남,서산,서산,57,61,928
2016,12,경기,구리,서울,598,698,857
2016,12,경남,거창,거창,109,126,860
2016,12,경남,의령,의령군,109,128,853
2016,12,경남,창녕,밀양,838,1017,824
2016,12,경남,함양,산청,142,162,874
2016,12,경남,합천,합천,136,151,906
2016,12,경북,경산,대구,29,31,931
2016,12,경북,고령,합천,13,13,959
2016,12,경북,구미,구미,43,51,846
2016,12,경북,군위,의성,289,319,906
2016,12,경북,김천,추풍령,268,282,952
2016,12,경북,문경,문경,43,41,1056
2016,12,경북,안동,안동,1,1,877
2016,12,경북,영주,영주,95,105,905
2016,12,경북,영천,영천,1113,1245,894
2016,12,경북,의성,의성,525,582,903
2016,12,광주,광주서구,광주,59,69,854
2016,12,대구,달성,대구,28,32,888
2016,12,대구,대구중구,대구,1,2,807
2016,12,부산,연제,부산,5,4,1020
2016,12,전남,무안,목포,6693,7485,894
2016,12,전남,신안,목포,860,974,883
2016,12,전남,영암,강진군,155,157,989
2016,12,전남,함평,영광,1834,1901,965
2016,12,전남,해남,해남,325,437,745
2016,12,전북,고창,고창,121,129,935
2016,12,전북,부안,부안,308,289,1068
2016,12,전북,완주,전주,91,140,650
2016,12,전북,익산,군산,97,102,946
2016,12,충남,논산,부여,206,227,907
2016,12,충남,서산,서산,1,1,1020
2017,1,경기,구리,서울,748,660,1133
2017,1,경남,거창,거창,249,223,1119
2017,1,경남,의령,의령군,103,98,1050
2017,1,경남,창녕,밀양,625,727,860
2017,1,경남,함양,산청,190,171,1110
2017,1,경남,합천,합천,92,92,1006
2017,1,경북,경산,대구,16,14,1105
2017,1,경북,구미,구미,1,1,1129
2017,1,경북,군위,의성,221,228,967
2017,1,경북,김천,추풍령,594,525,1131
2017,1,경북,문경,문경,12,9,1221
2017,1,경북,안동,안동,295,309,954
2017,1,경북,영주,영주,51,48,1065
2017,1,경북,영천,영천,890,751,1185
2017,1,경북,의성,의성,417,399,1044
2017,1,광주,광주서구,광주,226,211,1073
2017,1,대구,달성,대구,40,42,955
2017,1,전남,고흥,고흥,50,45,1108
2017,1,전남,나주,광주,16,24,669
2017,1,전남,무안,목포,5622,5248,1071
2017,1,전남,신안,목포,1611,1393,1157
2017,1,전남,영암,강진군,34,26,1319
2017,1,전남,함평,영광,2242,1944,1153
2017,1,전남,해남,해남,713,832,856
2017,1,전북,고창,고창,230,202,1135
2017,1,전북,부안,부안,363,281,1294
2017,1,전북,익산,군산,113,107,1053
2017,1,충남,논산,부여,242,211,1150
2017,1,충남,서산,서산,1,1,910
2017,2,경기,구리,서울,694,645,1075
2017,2,경남,거창,거창,471,366,1287
2017,2,경남,밀양,밀양,36,29,1254
2017,2,경남,의령,의령군,234,190,1227
2017,2,경남,창녕,밀양,697,619,1127
2017,2,경남,함양,산청,183,167,1092
2017,2,경남,합천,합천,143,122,1169
2017,2,경북,경산,대구,59,49,1217
2017,2,경북,군위,의성,239,202,1185
2017,2,경북,김천,추풍령,546,422,1293
2017,2,경북,문경,문경,42,30,1382
2017,2,경북,영주,영주,82,65,1263
2017,2,경북,영천,영천,969,762,1271
2017,2,경북,의성,의성,101,85,1184
2017,2,광주,광주서구,광주,64,54,1178
2017,2,대구,달성,대구,28,24,1196
2017,2,전남,고흥,고흥,8,11,732
2017,2,전남,나주,광주,98,109,900
2017,2,전남,무안,목포,5851,4831,1211
2017,2,전남,신안,목포,1770,1421,1246
2017,2,전남,영암,강진군,52,33,1573
2017,2,전남,함평,영광,2750,2193,1254
2017,2,전남,해남,해남,347,322,1076
2017,2,전북,고창,고창,399,322,1241
2017,2,전북,부안,부안,347,268,1297
2017,2,전북,익산,군산,61,62,991
2017,2,충남,논산,부여,200,160,1250
2017,2,충남,서산,서산,80,59,1343
2017,3,경기,구리,서울,2003,2021,991
2017,3,경남,거창,거창,333,262,1270
2017,3,경남,밀양,밀양,17,15,1151
2017,3,경남,의령,의령군,52,48,1080
2017,3,경남,창녕,밀양,825,678,1218
2017,3,경남,창원의창,북창원,23,15,1508
2017,3,경남,함양,산청,225,173,1298
2017,3,경남,합천,합천,210,166,1265
2017,3,경북,경산,대구,94,72,1306
2017,3,경북,고령,합천,10,17,594
2017,3,경북,군위,의성,278,189,1469
2017,3,경북,김천,추풍령,697,483,1441
2017,3,경북,문경,문경,56,39,1433
2017,3,경북,안동,안동,19,17,1133
2017,3,경북,영주,영주,70,54,1305
2017,3,경북,영천,영천,1402,1082,1296
2017,3,경북,의성,의성,330,256,1288
2017,3,대구,달성,대구,97,77,1269
2017,3,대구,대구중구,대구,6,5,1381
2017,3,부산,연제,부산,17,10,1672
2017,3,전남,고흥,고흥,32,30,1086
2017,3,전남,나주,광주,38,54,699
2017,3,전남,무안,목포,5618,4503,1248
2017,3,전남,신안,목포,1165,893,1305
2017,3,전남,여수,여수,67,69,976
2017,3,전남,영암,강진군,50,31,1630
2017,3,전남,함평,영광,2806,2083,1347
2017,3,전남,해남,해남,161,135,1193
2017,3,전북,고창,고창,160,136,1172
2017,3,전북,부안,부안,464,343,1354
2017,3,전북,익산,군산,30,15,1999
2017,3,제주,서귀포,서귀포,8,5,1428
2017,3,제주,제주,제주,6,5,1278
2017,3,충남,논산,부여,263,220,1195
2017,3,충남,서산,서산,123,99,1235
2017,4,경기,구리,서울,668,817,817
2017,4,경남,거창,거창,85,74,1146
2017,4,경남,밀양,밀양,34,44,776
2017,4,경남,창녕,밀양,321,332,966
2017,4,경남,함양,산청,125,120,1039
2017,4,경남,합천,합천,260,244,1063
2017,4,경북,경산,대구,21,20,1030
2017,4,경북,고령,합천,200,234,851
2017,4,경북,군위,의성,96,85,1136
2017,4,경북,김천,추풍령,406,348,1169
2017,4,경북,문경,문경,5,3,1508
2017,4,경북,안동,안동,15,20,770
2017,4,경북,영주,영주,115,275,417
2017,4,경북,영천,영천,285,296,961
2017,4,경북,의성,의성,114,101,1134
2017,4,대구,대구중구,대구,67,86,780
2017,4,부산,연제,부산,47,32,1473
2017,4,전남,고흥,고흥,1081,1564,692
2017,4,전남,나주,광주,9,11,764
2017,4,전남,무안,목포,4881,5295,922
2017,4,전남,신안,목포,77,86,893
2017,4,전남,여수,여수,368,449,819
2017,4,전남,영암,강진군,244,257,947
2017,4,전남,장흥,장흥,72,76,939
2017,4,전남,함평,영광,1753,1582,1108
2017,4,전남,해남,해남,165,165,1003
2017,4,전북,고창,고창,779,931,836
2017,4,전북,부안,부안,261,281,929
2017,4,전북,완주,전주,12,14,834
2017,4,전북,익산,군산,36,33,1082
2017,4,제주,서귀포,서귀포,733,879,834
2017,4,제주,제주,제주,4449,5703,780
2017,4,충남,논산,부여,334,283,1180
2017,4,충남,서산,서산,62,87,715
2017,5,경기,구리,서울,1256,1459,861
2017,5,경남,밀양,밀양,46,44,1035
2017,5,경남,의령,의령군,17,18,912
2017,5,경남,창녕,밀양,479,553,867
2017,5,경남,함양,산청,54,59,909
2017,5,경남,합천,합천,187,205,911
2017,5,경북,경산,대구,41,47,862
2017,5,경북,고령,합천,88,95,929
2017,5,경북,군위,의성,18,15,1164
2017,5,경북,김천,추풍령,16,18,890
2017,5,경북,문경,문경,5,5,1040
2017,5,경북,안동,안동,11,11,986
2017,5,경북,영주,영주,73,55,1327
2017,5,경북,영천,영천,253,294,862
2017,5,경북,의성,의성,2,3,566
2017,5,대구,달성,대구,17,21,822
2017,5,대구,대구중구,대구,153,177,866
2017,5,전남,고흥,고흥,1636,1932,847
2017,5,전남,나주,광주,2,3,708
2017,5,전남,무안,목포,13695,15478,885
2017,5,전남,신안,목포,318,387,822
2017,5,전남,여수,여수,86,114,752
2017,5,전남,영암,강진군,207,240,862
2017,5,전남,장흥,장흥,506,589,859
2017,5,전남,함평,영광,1702,1968,865
2017,5,전남,해남,해남,767,888,864
2017,5,전북,고창,고창,308,360,857
2017,5,제주,서귀포,서귀포,90,115,787
2017,5,제주,제주,제주,1557,1952,798
2017,5,충남,논산,부여,279,333,839
2017,5,충남,서산,서산,151,175,860
2017,6,경기,구리,서울,804,902,891
2017,6,경남,거창,거창,66,72,911
2017,6,경남,밀양,밀양,51,64,796
2017,6,경남,의령,의령군,210,221,953
2017,6,경남,창녕,밀양,674,777,867
2017,6,경남,함양,산청,125,128,976
2017,6,경남,합천,합천,417,492,847
2017,6,경북,경산,대구,73,91,806
2017,6,경북,고령,합천,315,375,839
2017,6,경북,구미,구미,41,45,914
2017,6,경북,군위,의성,91,99,927
2017,6,경북,김천,추풍령,89,113,790
2017,6,경북,문경,문경,26,25,1036
2017,6,경북,안동,안동,27,32,850
2017,6,경북,영주,영주,48,35,1354
2017,6,경북,영천,영천,114,115,988
2017,6,경북,의성,의성,22,26,848
2017,6,대구,달성,대구,159,192,830
2017,6,대구,대구중구,대구,76,88,862
2017,6,전남,고흥,고흥,24,29,807
2017,6,전남,나주,광주,81,85,954
2017,6,전남,무안,목포,11355,12354,919
2017,6,전남,신안,목포,422,472,895
2017,6,전남,여수,여수,56,65,865
2017,6,전남,영암,강진군,145,133,1093
2017,6,전남,장흥,장흥,619,735,842
2017,6,전남,함평,영광,851,891,956
2017,6,전남,해남,해남,1047,1232,850
2017,6,전북,고창,고창,138,174,789
2017,6,전북,부안,부안,272,280,970
2017,6,전북,완주,전주,130,140,928
2017,6,전북,익산,군산,116,139,835
2017,6,제주,제주,제주,261,279,935
2017,6,충남,논산,부여,306,379,808
2017,6,충남,서산,서산,660,723,913
2017,7,경기,구리,서울,1133,1106,1025
2017,7,경남,거창,거창,60,67,897
2017,7,경남,밀양,밀양,30,34,883
2017,7,경남,의령,의령군,15,17,901
2017,7,경남,창녕,밀양,580,579,1002
2017,7,경남,함양,산청,661,603,1095
2017,7,경남,합천,합천,192,189,1017
2017,7,경북,경산,대구,24,24,967
2017,7,경북,고령,합천,139,135,1030
2017,7,경북,구미,구미,123,120,1025
2017,7,경북,군위,의성,89,87,1026
2017,7,경북,김천,추풍령,176,167,1056
2017,7,경북,문경,문경,119,106,1120
2017,7,경북,안동,안동,49,51,960
2017,7,경북,영주,영주,165,156,1059
2017,7,경북,영천,영천,45,45,1001
2017,7,경북,의성,의성,50,50,994
2017,7,대구,달성,대구,94,98,957
2017,7,대구,대구중구,대구,34,33,1042
2017,7,전남,고흥,고흥,3,4,764
2017,7,전남,나주,광주,51,54,944
2017,7,전남,무안,목포,4797,4842,991
2017,7,전남,신안,목포,820,822,997
2017,7,전남,영암,강진군,32,21,1521
2017,7,전남,장흥,장흥,20,31,646
2017,7,전남,함평,영광,1792,1751,1023
2017,7,전남,해남,해남,267,336,795
2017,7,전북,고창,고창,240,250,962
2017,7,전북,부안,부안,146,140,1041
2017,7,전북,완주,전주,320,310,1032
2017,7,제주,제주,제주,32,31,1015
2017,7,충남,논산,부여,397,390,1016
2017,7,충남,서산,서산,253,287,882
2017,8,경남,거창,거창,113,117,968
2017,8,경남,밀양,밀양,67,85,780
2017,8,경남,의령,의령군,91,87,1048
2017,8,경남,창녕,밀양,663,606,1094
2017,8,경남,창원의창,북창원,5,5,1109
2017,8,경남,함양,산청,836,751,1113
2017,8,경남,합천,합천,229,200,1146
2017,8,경북,경산,대구,10,8,1197
2017,8,경북,고령,합천,29,25,1185
2017,8,경북,구미,구미,72,64,1132
2017,8,경북,군위,의성,13,12,1033
2017,8,경북,김천,추풍령,464,406,1143
2017,8,경북,문경,문경,53,40,1322
2017,8,경북,안동,안동,28,24,1174
2017,8,경북,영주,영주,138,123,1119
2017,8,경북,영천,영천,141,126,1120
2017,8,경북,의성,의성,40,39,1043
2017,8,대구,달성,대구,98,85,1149
2017,8,전남,고흥,고흥,37,39,945
2017,8,전남,나주,광주,240,222,1080
2017,8,전남,무안,목포,4113,3767,1092
2017,8,전남,신안,목포,1050,950,1106
2017,8,전남,영암,강진군,41,26,1569
2017,8,전남,장흥,장흥,45,59,767
2017,8,전남,함평,영광,2955,2837,1042
2017,8,전남,해남,해남,399,382,1045
2017,8,전북,고창,고창,317,341,928
2017,8,전북,부안,부안,512,502,1019
2017,8,전북,완주,전주,137,125,1096
2017,8,제주,제주,제주,26,24,1075
2017,8,충남,논산,부여,298,255,1169
2017,8,충남,서산,서산,47,61,768
2017,9,경남,거창,거창,57,61,933
2017,9,경남,밀양,밀양,64,62,1034
2017,9,경남,의령,의령군,64,62,1044
2017,9,경남,창녕,밀양,746,695,1074
2017,9,경남,창원의창,북창원,96,88,1100
2017,9,경남,함양,산청,1000,907,1103
2017,9,경남,합천,합천,108,99,1096
2017,9,경북,경산,대구,6,6,1060
2017,9,경북,고령,합천,39,37,1069
2017,9,경북,구미,구미,0,0,600
2017,9,경북,군위,의성,28,27,1030
2017,9,경북,김천,추풍령,456,418,1092
2017,9,경북,문경,문경,21,17,1257
2017,9,경북,안동,안동,1,1,737
2017,9,경북,영주,영주,138,123,1128
2017,9,경북,영천,영천,532,473,1124
2017,9,경북,의성,의성,91,82,1108
2017,9,광주,광주서구,광주,183,168,1089
2017,9,대구,달성,대구,146,134,1087
2017,9,부산,연제,부산,4,3,1132
2017,9,전남,고흥,고흥,33,40,834
2017,9,전남,나주,광주,171,166,1029
2017,9,전남,무안,목포,5507,5022,1097
2017,9,전남,신안,목포,850,799,1064
2017,9,전남,영암,강진군,142,133,1073
2017,9,전남,장흥,장흥,49,64,762
2017,9,전남,함평,영광,3234,2904,1114
2017,9,전남,해남,해남,411,417,986
2017,9,전북,고창,고창,117,115,1010
2017,9,전북,부안,부안,363,341,1065
2017,9,전북,완주,전주,76,68,1115
2017,9,충남,논산,부여,214,191,1124
2017,9,충남,서산,서산,43,46,944
2017,10,경남,거창,거창,17,16,1047
2017,10,경남,밀양,밀양,19,19,1047
2017,10,경남,의령,의령군,12,10,1200
2017,10,경남,창녕,밀양,607,569,1067
2017,10,경남,창원의창,북창원,12,10,1130
2017,10,경남,함양,산청,520,467,1115
2017,10,경남,합천,합천,343,305,1125
2017,10,경북,경산,대구,3,4,843
2017,10,경북,고령,합천,31,28,1110
2017,10,경북,구미,구미,9,9,1020
2017,10,경북,김천,추풍령,439,398,1102
2017,10,경북,문경,문경,13,11,1269
2017,10,경북,안동,안동,13,14,955
2017,10,경북,영주,영주,137,120,1141
2017,10,경북,영천,영천,366,340,1076
2017,10,광주,광주서구,광주,286,273,1047
2017,10,대구,달성,대구,213,192,1112
2017,10,부산,연제,부산,16,15,1065
2017,10,전남,나주,광주,117,111,1052
2017,10,전남,무안,목포,4288,3987,1075
2017,10,전남,신안,목포,1162,1096,1060
2017,10,전남,영암,강진군,132,115,1144
2017,10,전남,장흥,장흥,39,52,756
2017,10,전남,함평,영광,1634,1462,1117
2017,10,전남,해남,해남,137,144,949
2017,10,전북,고창,고창,15,15,949
2017,10,전북,부안,부안,263,250,1052
2017,10,전북,완주,전주,49,41,1191
2017,10,충남,논산,부여,326,284,1147
2017,10,충남,서산,서산,48,44,1075
2017,11,경남,거창,거창,45,48,953
2017,11,경남,밀양,밀양,38,36,1057
2017,11,경남,의령,의령군,18,16,1141
2017,11,경남,창녕,밀양,654,643,1017
2017,11,경남,함양,산청,565,528,1070
2017,11,경남,합천,합천,499,464,1075
2017,11,경북,경산,대구,29,30,971
2017,11,경북,고령,합천,58,57,1024
2017,11,경북,구미,구미,7,5,1246
2017,11,경북,김천,추풍령,255,249,1027
2017,11,경북,문경,문경,38,32,1220
2017,11,경북,안동,안동,16,16,1032
2017,11,경북,영주,영주,88,78,1128
2017,11,경북,영천,영천,513,474,1082
2017,11,경북,의성,의성,65,65,993
2017,11,광주,광주서구,광주,673,610,1104
2017,11,대구,달성,대구,267,244,1092
2017,11,대구,대구중구,대구,71,65,1092
2017,11,부산,연제,부산,4,4,1089
2017,11,전남,나주,광주,20,28,724
2017,11,전남,무안,목포,5015,4585,1094
2017,11,전남,신안,목포,1251,1114,1123
2017,11,전남,영암,강진군,66,42,1573
2017,11,전남,장흥,장흥,32,42,750
2017,11,전남,함평,영광,2612,2317,1127
2017,11,전남,해남,해남,48,45,1062
2017,11,전북,고창,고창,198,226,876
2017,11,전북,부안,부안,292,265,1101
2017,11,전북,완주,전주,19,16,1126
2017,11,충남,논산,부여,408,351,1164
2017,11,충남,서산,서산,30,34,888
2017,12,경남,거창,거창,13,16,851
2017,12,경남,밀양,밀양,22,27,801
2017,12,경남,의령,의령군,2,3,740
2017,12,경남,창녕,밀양,939,952,986
2017,12,경남,창원의창,북창원,13,14,952
2017,12,경남,함양,산청,611,624,980
2017,12,경남,합천,합천,435,450,968
2017,12,경북,고령,합천,30,33,916
2017,12,경북,구미,구미,80,75,1077
2017,12,경북,군위,의성,112,121,925
2017,12,경북,김천,추풍령,266,257,1032
2017,12,경북,문경,문경,32,26,1230
2017,12,경북,안동,안동,46,52,883
2017,12,경북,영주,영주,34,25,1323
2017,12,경북,영천,영천,320,304,1051
2017,12,경북,의성,의성,101,106,958
2017,12,광주,광주서구,광주,401,393,1020
2017,12,대구,달성,대구,322,305,1054
2017,12,대구,대구중구,대구,82,88,930
2017,12,전남,나주,광주,219,221,992
2017,12,전남,무안,목포,4168,4282,973
2017,12,전남,신안,목포,428,441,971
2017,12,전남,영암,강진군,79,60,1319
2017,12,전남,장흥,장흥,17,22,747
2017,12,전남,함평,영광,2206,2166,1019
2017,12,전남,해남,해남,79,93,849
2017,12,전북,고창,고창,131,132,993
2017,12,전북,부안,부안,419,422,993
2017,12,전북,완주,전주,41,37,1101
2017,12,전북,익산,군산,7,5,1341
2017,12,충남,논산,부여,893,764,1168
2017,12,충남,서산,서산,69,83,835
2018,1,경기,구리,서울,256,328,781
2018,1,경남,거창,거창,82,99,824
2018,1,경남,밀양,밀양,29,34,852
2018,1,경남,의령,의령군,98,121,810
2018,1,경남,창녕,밀양,1039,1153,901
2018,1,경남,창원의창,북창원,53,61,872
2018,1,경남,함양,산청,709,776,914
2018,1,경남,합천,합천,404,440,919
2018,1,경북,경산,대구,44,52,841
2018,1,경북,고령,합천,90,105,856
2018,1,경북,구미,구미,118,120,981
2018,1,경북,군위,의성,205,207,987
2018,1,경북,김천,추풍령,380,373,1020
2018,1,경북,문경,문경,443,369,1201
2018,1,경북,안동,안동,100,113,882
2018,1,경북,영주,영주,284,257,1104
2018,1,경북,영천,영천,556,572,972
2018,1,경북,의성,의성,373,439,849
2018,1,광주,광주서구,광주,758,787,964
2018,1,대구,달성,대구,335,369,909
2018,1,대구,대구중구,대구,57,63,897
2018,1,부산,연제,부산,14,15,950
2018,1,전남,고흥,고흥,13,16,800
2018,1,전남,나주,광주,94,106,884
2018,1,전남,무안,목포,2900,3018,961
2018,1,전남,신안,목포,1353,1459,927
2018,1,전남,영암,강진군,66,42,1568
2018,1,전남,장흥,장흥,9,13,702
2018,1,전남,함평,영광,1849,1882,983
2018,1,전남,해남,해남,60,64,933
2018,1,전북,고창,고창,186,183,1019
2018,1,전북,부안,부안,368,396,929
2018,1,전북,완주,전주,123,117,1053
2018,1,전북,익산,군산,31,29,1044
2018,1,제주,제주,제주,18,18,991
2018,1,충남,논산,부여,313,288,1089
2018,1,충남,서산,서산,42,47,897
2018,2,경기,구리,서울,1036,1168,887
2018,2,경남,거창,거창,228,309,737
2018,2,경남,밀양,밀양,39,46,842
2018,2,경남,의령,의령군,99,122,807
2018,2,경남,창녕,밀양,1148,1380,832
2018,2,경남,창원의창,북창원,90,120,749
2018,2,경남,함양,산청,800,891,898
2018,2,경남,합천,합천,423,476,889
2018,2,경북,경산,대구,88,103,854
2018,2,경북,고령,합천,137,175,782
2018,2,경북,구미,구미,88,97,900
2018,2,경북,군위,의성,286,306,933
2018,2,경북,김천,추풍령,428,457,938
2018,2,경북,문경,문경,563,499,1129
2018,2,경북,안동,안동,143,178,807
2018,2,경북,영주,영주,472,460,1024
2018,2,경북,영천,영천,976,1113,877
2018,2,경북,의성,의성,417,509,819
2018,2,광주,광주서구,광주,516,557,928
2018,2,대구,달성,대구,274,331,829
2018,2,대구,대구중구,대구,79,89,885
2018,2,부산,연제,부산,50,72,692
2018,2,전남,고흥,고흥,24,33,728
2018,2,전남,나주,광주,75,105,716
2018,2,전남,무안,목포,3333,3799,877
2018,2,전남,신안,목포,1811,2067,876
2018,2,전남,영암,강진군,68,52,1304
2018,2,전남,장흥,장흥,27,44,619
2018,2,전남,함평,영광,1560,1627,958
2018,2,전남,해남,해남,61,84,726
2018,2,전북,고창,고창,53,56,956
2018,2,전북,부안,부안,293,298,985
2018,2,전북,완주,전주,148,143,1039
2018,2,전북,익산,군산,64,68,939
2018,2,제주,서귀포,서귀포,12,17,736
2018,2,충남,논산,부여,645,689,937
2018,2,충남,서산,서산,22,24,936
2018,3,경기,구리,서울,430,801,537
2018,3,경남,거창,거창,139,304,457
2018,3,경남,밀양,밀양,7,11,620
2018,3,경남,의령,의령군,39,85,456
2018,3,경남,창녕,밀양,870,1602,543
2018,3,경남,창원의창,북창원,118,239,493
2018,3,경남,함양,산청,915,1660,551
2018,3,경남,합천,합천,568,1134,501
2018,3,경북,경산,대구,30,51,580
2018,3,경북,고령,합천,61,111,553
2018,3,경북,구미,구미,14,43,334
2018,3,경북,군위,의성,156,305,509
2018,3,경북,김천,추풍령,505,767,658
2018,3,경북,문경,문경,405,368,1102
2018,3,경북,안동,안동,127,264,480
2018,3,경북,영주,영주,485,599,809
2018,3,경북,영천,영천,639,1167,547
2018,3,경북,의성,의성,443,821,540
2018,3,광주,광주서구,광주,157,243,646
2018,3,대구,달성,대구,181,319,568
2018,3,대구,대구중구,대구,119,192,619
2018,3,부산,연제,부산,54,95,565
2018,3,전남,고흥,고흥,68,171,395
2018,3,전남,나주,광주,296,474,624
2018,3,전남,무안,목포,2968,5283,562
2018,3,전남,신안,목포,1361,2502,544
2018,3,전남,여수,여수,32,75,426
2018,3,전남,영암,강진군,183,246,746
2018,3,전남,장흥,장흥,18,38,487
2018,3,전남,함평,영광,2017,2876,701
2018,3,전남,해남,해남,60,152,396
2018,3,전북,고창,고창,98,186,528
2018,3,전북,부안,부안,317,484,655
2018,3,전북,완주,전주,113,219,518
2018,3,전북,익산,군산,72,116,621
2018,3,제주,서귀포,서귀포,31,46,686
2018,3,제주,제주,제주,131,174,757
2018,3,충남,논산,부여,463,868,533
2018,3,충남,서산,서산,23,37,617
2018,4,경기,구리,서울,673,1191,565
2018,4,경남,거창,거창,48,184,261
2018,4,경남,밀양,밀양,197,279,707
2018,4,경남,의령,의령군,32,78,404
2018,4,경남,창녕,밀양,559,1172,477
2018,4,경남,창원의창,북창원,44,95,466
2018,4,경남,함양,산청,283,807,350
2018,4,경남,합천,합천,559,1073,520
2018,4,경북,경산,대구,47,149,318
2018,4,경북,고령,합천,600,938,640
2018,4,경북,구미,구미,25,37,666
2018,4,경북,군위,의성,71,266,266
2018,4,경북,김천,추풍령,279,429,651
2018,4,경북,문경,문경,165,144,1146
2018,4,경북,안동,안동,72,344,210
2018,4,경북,영주,영주,377,482,782
2018,4,경북,영천,영천,343,858,400
2018,4,경북,의성,의성,266,970,274
2018,4,광주,광주서구,광주,64,131,486
2018,4,대구,달성,대구,170,277,612
2018,4,대구,대구중구,대구,35,88,403
2018,4,부산,연제,부산,58,85,685
2018,4,전남,고흥,고흥,1827,3178,575
2018,4,전남,나주,광주,82,158,516
2018,4,전남,무안,목포,2551,4544,561
2018,4,전남,신안,목포,645,1666,387
2018,4,전남,여수,여수,306,647,473
2018,4,전남,영암,강진군,163,200,813
2018,4,전남,장흥,장흥,122,199,614
2018,4,전남,함평,영광,1170,1743,671
2018,4,전남,해남,해남,154,284,542
2018,4,전북,고창,고창,1049,1570,668
2018,4,전북,부안,부안,90,203,444
2018,4,전북,완주,전주,44,74,591
2018,4,전북,익산,군산,94,189,496
2018,4,제주,서귀포,서귀포,2246,2984,753
2018,4,제주,제주,제주,5549,7472,743
2018,4,충남,논산,부여,380,928,410
2018,4,충남,서산,서산,106,190,558
2018,5,경기,구리,서울,470,767,614
2018,5,경남,거창,거창,17,31,538
2018,5,경남,밀양,밀양,493,702,703
2018,5,경남,의령,의령군,19,41,467
2018,5,경남,창녕,밀양,898,1530,587
2018,5,경남,창원의창,북창원,118,227,522
2018,5,경남,함양,산청,160,298,536
2018,5,경남,합천,합천,438,791,554
2018,5,경북,경산,대구,25,47,533
2018,5,경북,고령,합천,615,916,671
2018,5,경북,구미,구미,74,139,536
2018,5,경북,군위,의성,29,59,496
2018,5,경북,김천,추풍령,153,277,553
2018,5,경북,문경,문경,208,259,804
2018,5,경북,안동,안동,103,184,557
2018,5,경북,영주,영주,184,193,953
2018,5,경북,영천,영천,259,436,594
2018,5,경북,의성,의성,159,314,505
2018,5,광주,광주서구,광주,51,87,587
2018,5,대구,달성,대구,118,191,619
2018,5,대구,대구중구,대구,55,96,568
2018,5,부산,연제,부산,102,175,585
2018,5,전남,고흥,고흥,3416,5844,585
2018,5,전남,나주,광주,22,55,395
2018,5,전남,무안,목포,11256,20776,542
2018,5,전남,신안,목포,460,853,540
2018,5,전남,여수,여수,320,658,486
2018,5,전남,영암,강진군,115,136,841
2018,5,전남,장흥,장흥,336,813,414
2018,5,전남,함평,영광,1676,3160,531
2018,5,전남,해남,해남,741,1567,473
2018,5,전북,고창,고창,313,507,618
2018,5,전북,부안,부안,23,51,451
2018,5,전북,완주,전주,59,95,624
2018,5,전북,익산,군산,134,244,549
2018,5,제주,서귀포,서귀포,656,906,724
2018,5,제주,제주,제주,2514,3634,692
2018,5,충남,논산,부여,381,895,426
2018,5,충남,서산,서산,82,142,576
2018,6,경기,구리,서울,564,973,579
2018,6,경남,거창,거창,21,54,384
2018,6,경남,밀양,밀양,254,539,472
2018,6,경남,의령,의령군,269,532,506
2018,6,경남,창녕,밀양,1470,2969,495
2018,6,경남,창원의창,북창원,200,461,433
2018,6,경남,함양,산청,460,823,559
2018,6,경남,합천,합천,1235,2689,459
2018,6,경북,경산,대구,82,173,472
2018,6,경북,고령,합천,717,1681,426
2018,6,경북,구미,구미,233,515,452
2018,6,경북,군위,의성,79,187,421
2018,6,경북,김천,추풍령,229,538,426
2018,6,경북,문경,문경,369,512,720
2018,6,경북,안동,안동,180,412,438
2018,6,경북,영주,영주,153,205,743
2018,6,경북,영천,영천,132,250,530
2018,6,경북,의성,의성,80,174,459
2018,6,광주,광주서구,광주,50,116,428
2018,6,대구,달성,대구,266,545,487
2018,6,대구,대구중구,대구,78,160,487
2018,6,부산,연제,부산,40,157,258
2018,6,전남,고흥,고흥,276,642,429
2018,6,전남,나주,광주,128,317,405
2018,6,전남,무안,목포,8347,15677,532
2018,6,전남,신안,목포,209,450,466
2018,6,전남,여수,여수,185,441,419
2018,6,전남,영암,강진군,104,157,662
2018,6,전남,장흥,장흥,402,1119,359
2018,6,전남,함평,영광,974,1866,522
2018,6,전남,해남,해남,811,2021,401
2018,6,전북,고창,고창,257,513,501
2018,6,전북,부안,부안,286,540,530
2018,6,전북,완주,전주,165,282,584
2018,6,전북,익산,군산,284,637,446
2018,6,제주,서귀포,서귀포,23,62,361
2018,6,제주,제주,제주,89,223,400
2018,6,충남,논산,부여,786,1855,424
2018,6,충남,서산,서산,581,1086,535
2018,7,경기,구리,서울,242,507,476
2018,7,경남,거창,거창,35,73,477
2018,7,경남,밀양,밀양,125,257,484
2018,7,경남,의령,의령군,158,335,472
2018,7,경남,창녕,밀양,947,2057,460
2018,7,경남,창원의창,북창원,52,133,391
2018,7,경남,함양,산청,391,704,556
2018,7,경남,합천,합천,449,1029,436
2018,7,경북,경산,대구,25,61,410
2018,7,경북,고령,합천,203,503,403
2018,7,경북,구미,구미,38,100,377
2018,7,경북,군위,의성,163,363,449
2018,7,경북,김천,추풍령,179,424,421
2018,7,경북,문경,문경,377,542,695
2018,7,경북,안동,안동,34,81,418
2018,7,경북,영주,영주,134,212,631
2018,7,경북,영천,영천,177,354,499
2018,7,경북,의성,의성,56,130,431
2018,7,광주,광주서구,광주,4,11,348
2018,7,대구,달성,대구,151,397,380
2018,7,대구,대구중구,대구,19,48,398
2018,7,부산,연제,부산,51,91,559
2018,7,전남,고흥,고흥,26,82,318
2018,7,전남,나주,광주,40,139,287
2018,7,전남,무안,목포,3223,6323,510
2018,7,전남,신안,목포,177,392,453
2018,7,전남,여수,여수,4,16,272
2018,7,전남,영암,강진군,58,88,659
2018,7,전남,장흥,장흥,66,248,266
2018,7,전남,함평,영광,1391,2723,511
2018,7,전남,해남,해남,161,537,301
2018,7,전북,고창,고창,292,520,562
2018,7,전북,부안,부안,250,338,740
2018,7,전북,완주,전주,290,464,625
2018,7,전북,익산,군산,334,596,561
2018,7,제주,제주,제주,11,29,400
2018,7,충남,논산,부여,578,1409,410
2018,7,충남,서산,서산,332,667,498
2018,8,경기,구리,서울,462,670,690
2018,8,경남,거창,거창,65,135,483
2018,8,경남,밀양,밀양,161,305,528
2018,8,경남,의령,의령군,128,233,549
2018,8,경남,창녕,밀양,1352,2344,577
2018,8,경남,창원의창,북창원,173,289,600
2018,8,경남,함양,산청,806,1376,586
2018,8,경남,합천,합천,831,1305,636
2018,8,경북,경산,대구,73,121,600
2018,8,경북,고령,합천,198,449,440
2018,8,경북,구미,구미,81,151,537
2018,8,경북,군위,의성,234,445,525
2018,8,경북,김천,추풍령,339,621,546
2018,8,경북,문경,문경,428,469,912
2018,8,경북,안동,안동,2,6,336
2018,8,경북,영주,영주,93,127,729
2018,8,경북,영천,영천,195,341,571
2018,8,경북,의성,의성,156,286,547
2018,8,광주,광주서구,광주,5,10,461
2018,8,대구,달성,대구,173,345,502
2018,8,대구,대구중구,대구,21,30,698
2018,8,부산,연제,부산,65,117,560
2018,8,전남,고흥,고흥,4,8,453
2018,8,전남,나주,광주,73,149,489
2018,8,전남,무안,목포,4984,7782,640
2018,8,전남,신안,목포,715,1113,642
2018,8,전남,영암,강진군,62,70,888
2018,8,전남,장흥,장흥,43,115,374
2018,8,전남,함평,영광,1019,1555,656
2018,8,전남,해남,해남,100,179,560
2018,8,전북,고창,고창,263,459,572
2018,8,전북,부안,부안,516,621,831
2018,8,전북,완주,전주,602,871,691
2018,8,전북,익산,군산,794,1230,646
2018,8,충남,논산,부여,535,1288,415
2018,8,충남,서산,서산,197,332,594
2018,9,경기,구리,서울,620,991,626
2018,9,경남,거창,거창,34,71,485
2018,9,경남,밀양,밀양,14,38,378
2018,9,경남,의령,의령군,179,279,641
2018,9,경남,창녕,밀양,1334,2180,612
2018,9,경남,창원의창,북창원,77,157,488
2018,9,경남,함양,산청,1067,1675,637
2018,9,경남,합천,합천,384,677,568
2018,9,경북,경산,대구,40,73,544
2018,9,경북,고령,합천,179,333,538
2018,9,경북,구미,구미,123,211,584
2018,9,경북,군위,의성,121,199,611
2018,9,경북,김천,추풍령,284,503,565
2018,9,경북,문경,문경,348,390,892
2018,9,경북,안동,안동,41,84,490
2018,9,경북,영주,영주,159,226,702
2018,9,경북,영천,영천,458,749,612
2018,9,경북,의성,의성,379,654,580
2018,9,광주,광주서구,광주,11,27,412
2018,9,대구,달성,대구,109,188,578
2018,9,대구,대구중구,대구,70,106,662
2018,9,부산,연제,부산,73,103,702
2018,9,전남,고흥,고흥,0,0,550
2018,9,전남,나주,광주,205,366,561
2018,9,전남,무안,목포,4903,8200,598
2018,9,전남,신안,목포,651,1098,592
2018,9,전남,영암,강진군,112,121,925
2018,9,전남,장흥,장흥,43,88,490
2018,9,전남,함평,영광,2070,3151,657
2018,9,전남,해남,해남,397,741,536
2018,9,전북,고창,고창,63,126,496
2018,9,전북,부안,부안,158,227,693
2018,9,전북,완주,전주,355,519,683
2018,9,전북,익산,군산,99,180,551
2018,9,충남,논산,부여,529,1328,398
2018,9,충남,서산,서산,159,259,615
2018,10,경기,구리,서울,753,1315,572
2018,10,경남,거창,거창,30,71,419
2018,10,경남,밀양,밀양,28,61,456
2018,10,경남,의령,의령군,170,300,567
2018,10,경남,창녕,밀양,1599,2858,560
2018,10,경남,창원의창,북창원,149,255,586
2018,10,경남,함양,산청,880,1482,594
2018,10,경남,합천,합천,541,993,545
2018,10,경북,경산,대구,44,95,463
2018,10,경북,고령,합천,389,700,555
2018,10,경북,구미,구미,68,117,581
2018,10,경북,군위,의성,138,232,593
2018,10,경북,김천,추풍령,204,370,550
2018,10,경북,문경,문경,379,434,875
2018,10,경북,안동,안동,12,31,405
2018,10,경북,영주,영주,118,210,559
2018,10,경북,영천,영천,661,1085,609
2018,10,경북,의성,의성,603,1086,555
2018,10,광주,광주서구,광주,18,32,560
2018,10,대구,달성,대구,119,193,617
2018,10,대구,대구중구,대구,131,222,592
2018,10,부산,연제,부산,76,128,596
2018,10,전남,고흥,고흥,3,9,367
2018,10,전남,나주,광주,60,143,417
2018,10,전남,무안,목포,5051,9053,558
2018,10,전남,신안,목포,502,938,536
2018,10,전남,영암,강진군,141,210,672
2018,10,전남,장흥,장흥,29,68,423
2018,10,전남,함평,영광,2195,3659,600
2018,10,전남,해남,해남,412,847,487
2018,10,전북,고창,고창,323,714,452
2018,10,전북,부안,부안,359,580,619
2018,10,전북,완주,전주,257,382,673
2018,10,전북,익산,군산,138,226,612
2018,10,제주,서귀포,서귀포,3,5,643
2018,10,제주,제주,제주,15,33,453
2018,10,충남,논산,부여,517,1292,400
2018,10,충남,서산,서산,169,267,631
2018,11,경기,구리,서울,731,1273,574
2018,11,경남,거창,거창,28,64,439
2018,11,경남,밀양,밀양,62,133,464
2018,11,경남,의령,의령군,143,259,552
2018,11,경남,창녕,밀양,1601,3035,528
2018,11,경남,창원의창,북창원,201,338,595
2018,11,경남,함양,산청,617,1023,603
2018,11,경남,합천,합천,903,1674,539
2018,11,경북,경산,대구,41,84,490
2018,11,경북,고령,합천,115,233,493
2018,11,경북,구미,구미,36,57,632
2018,11,경북,군위,의성,47,84,553
2018,11,경북,김천,추풍령,185,318,581
2018,11,경북,문경,문경,324,403,805
2018,11,경북,안동,안동,61,91,673
2018,11,경북,영주,영주,45,67,676
2018,11,경북,영천,영천,324,611,529
2018,11,경북,의성,의성,559,981,570
2018,11,광주,광주서구,광주,37,67,554
2018,11,대구,달성,대구,130,250,522
2018,11,대구,대구중구,대구,186,311,597
2018,11,부산,연제,부산,59,114,518
2018,11,전남,고흥,고흥,22,71,307
2018,11,전남,나주,광주,47,104,454
2018,11,전남,무안,목포,5474,9887,554
2018,11,전남,신안,목포,528,1105,477
2018,11,전남,영암,강진군,55,52,1059
2018,11,전남,장흥,장흥,16,37,430
2018,11,전남,함평,영광,2053,3491,588
2018,11,전남,해남,해남,371,793,467
2018,11,전북,고창,고창,112,207,539
2018,11,전북,부안,부안,261,422,618
2018,11,전북,완주,전주,223,334,668
2018,11,전북,익산,군산,70,112,630
2018,11,제주,제주,제주,59,100,594
2018,11,충남,논산,부여,565,1374,411
2018,11,충남,서산,서산,51,86,599
2018,12,경기,구리,서울,500,1114,449
2018,12,경남,거창,거창,0,1,262
2018,12,경남,밀양,밀양,55,105,524
2018,12,경남,의령,의령군,209,476,439
2018,12,경남,창녕,밀양,1236,2455,503
2018,12,경남,창원의창,북창원,249,459,544
2018,12,경남,함양,산청,504,929,542
2018,12,경남,합천,합천,942,1951,483
2018,12,경북,경산,대구,89,162,545
2018,12,경북,고령,합천,201,484,416
2018,12,경북,구미,구미,102,186,547
2018,12,경북,군위,의성,75,148,503
2018,12,경북,김천,추풍령,329,639,515
2018,12,경북,문경,문경,360,514,701
2018,12,경북,안동,안동,151,337,447
2018,12,경북,영주,영주,27,42,657
2018,12,경북,영천,영천,480,990,485
2018,12,경북,의성,의성,525,1065,493
2018,12,광주,광주서구,광주,19,37,498
2018,12,대구,달성,대구,132,309,427
2018,12,대구,대구중구,대구,100,192,520
2018,12,부산,연제,부산,36,71,507
2018,12,전남,고흥,고흥,59,169,349
2018,12,전남,나주,광주,89,208,427
2018,12,전남,무안,목포,3390,6836,496
2018,12,전남,신안,목포,633,1496,423
2018,12,전남,영암,강진군,39,34,1159
2018,12,전남,장흥,장흥,27,74,373
2018,12,전남,함평,영광,2063,3862,534
2018,12,전남,해남,해남,214,533,403
2018,12,전북,고창,고창,114,179,637
2018,12,전북,부안,부안,228,402,568
2018,12,전북,완주,전주,133,213,625
2018,12,전북,익산,군산,72,122,590
2018,12,제주,서귀포,서귀포,0,2,160
2018,12,제주,제주,제주,1,6,112
2018,12,충남,논산,부여,543,1334,407
2018,12,충남,서산,서산,93,181,515
2019,1,경기,구리,서울,453,1053,430
2019,1,경남,거창,거창,53,143,371
2019,1,경남,밀양,밀양,16,46,355
2019,1,경남,의령,의령군,382,825,463
2019,1,경남,창녕,밀양,1734,3823,453
2019,1,경남,창원의창,북창원,216,474,457
2019,1,경남,함양,산청,825,1757,470
2019,1,경남,합천,합천,1247,2799,445
2019,1,경북,경산,대구,427,924,462
2019,1,경북,고령,합천,160,367,436
2019,1,경북,구미,구미,102,196,522
2019,1,경북,군위,의성,349,629,555
2019,1,경북,김천,추풍령,509,1049,485
2019,1,경북,문경,문경,395,528,747
2019,1,경북,안동,안동,276,667,413
2019,1,경북,영주,영주,80,151,531
2019,1,경북,영천,영천,739,1591,465
2019,1,경북,의성,의성,374,850,440
2019,1,광주,광주서구,광주,111,224,495
2019,1,대구,달성,대구,309,693,446
2019,1,대구,대구중구,대구,121,254,475
2019,1,부산,연제,부산,139,317,438
2019,1,전남,고흥,고흥,162,518,312
2019,1,전남,나주,광주,124,281,443
2019,1,전남,무안,목포,3986,8330,478
2019,1,전남,신안,목포,1244,2914,427
2019,1,전남,영암,강진군,29,43,668
2019,1,전남,장흥,장흥,26,106,246
2019,1,전남,함평,영광,2455,4623,531
2019,1,전남,해남,해남,137,496,276
2019,1,전북,고창,고창,55,150,364
2019,1,전북,부안,부안,300,563,532
2019,1,전북,완주,전주,301,549,549
2019,1,전북,익산,군산,219,395,554
2019,1,충남,논산,부여,516,1285,402
2019,1,충남,서산,서산,138,293,471
2019,2,경기,구리,서울,214,465,460
2019,2,경남,거창,거창,229,538,425
2019,2,경남,밀양,밀양,24,63,387
2019,2,경남,의령,의령군,35,78,444
2019,2,경남,창녕,밀양,1676,3678,456
2019,2,경남,창원의창,북창원,140,349,401
2019,2,경남,함양,산청,532,1195,445
2019,2,경남,합천,합천,1065,2477,430
2019,2,경북,경산,대구,372,872,427
2019,2,경북,고령,합천,87,189,462
2019,2,경북,구미,구미,29,64,456
2019,2,경북,군위,의성,165,323,512
2019,2,경북,김천,추풍령,372,765,486
2019,2,경북,문경,문경,299,380,787
2019,2,경북,안동,안동,69,160,428
2019,2,경북,영주,영주,44,82,541
2019,2,경북,영천,영천,651,1383,471
2019,2,경북,의성,의성,217,463,468
2019,2,광주,광주서구,광주,77,137,566
2019,2,대구,달성,대구,198,462,428
2019,2,대구,대구중구,대구,197,391,503
2019,2,부산,연제,부산,117,244,480
2019,2,전남,고흥,고흥,15,53,285
2019,2,전남,나주,광주,71,184,388
2019,2,전남,무안,목포,2822,5908,478
2019,2,전남,신안,목포,720,1760,409
2019,2,전남,영암,강진군,18,19,988
2019,2,전남,장흥,장흥,21,58,366
2019,2,전남,함평,영광,1569,2964,529
2019,2,전남,해남,해남,134,294,454
2019,2,전북,고창,고창,116,235,492
2019,2,전북,부안,부안,172,356,484
2019,2,전북,완주,전주,140,284,492
2019,2,전북,익산,군산,300,626,479
2019,2,제주,제주,제주,9,18,483
2019,2,충남,논산,부여,579,1439,403
2019,2,충남,서산,서산,22,51,427
2019,3,경기,구리,서울,340,754,451
2019,3,경남,거창,거창,197,426,463
2019,3,경남,밀양,밀양,32,68,468
2019,3,경남,의령,의령군,91,223,410
2019,3,경남,창녕,밀양,1552,3228,481
2019,3,경남,창원의창,북창원,151,298,506
2019,3,경남,함양,산청,856,1695,505
2019,3,경남,합천,합천,1648,3308,498
2019,3,경북,경산,대구,488,1162,420
2019,3,경북,고령,합천,115,189,609
2019,3,경북,구미,구미,65,141,460
2019,3,경북,군위,의성,502,919,547
2019,3,경북,김천,추풍령,507,828,612
2019,3,경북,문경,문경,484,629,769
2019,3,경북,안동,안동,59,154,384
2019,3,경북,영주,영주,35,60,576
2019,3,경북,영천,영천,1201,2143,560
2019,3,경북,의성,의성,574,1248,460
2019,3,광주,광주서구,광주,119,203,585
2019,3,대구,달성,대구,275,517,533
2019,3,대구,대구중구,대구,106,210,505
2019,3,부산,연제,부산,396,938,422
2019,3,전남,고흥,고흥,297,643,462
2019,3,전남,나주,광주,259,378,684
2019,3,전남,무안,목포,3896,7043,553
2019,3,전남,신안,목포,1083,2166,500
2019,3,전남,여수,여수,195,355,551
2019,3,전남,영암,강진군,62,93,670
2019,3,전남,장흥,장흥,26,59,442
2019,3,전남,함평,영광,2249,3684,610
2019,3,전남,해남,해남,78,189,413
2019,3,전북,고창,고창,266,461,577
2019,3,전북,부안,부안,209,384,544
2019,3,전북,완주,전주,113,177,642
2019,3,전북,익산,군산,587,1069,550
2019,3,제주,서귀포,서귀포,138,172,800
2019,3,제주,제주,제주,150,217,694
2019,3,충남,논산,부여,502,1257,399
2019,3,충남,서산,서산,33,86,381
2019,4,경기,구리,서울,666,896,743
2019,4,경남,거창,거창,11,24,457
2019,4,경남,밀양,밀양,112,165,678
2019,4,경남,의령,의령군,82,116,703
2019,4,경남,창녕,밀양,698,1022,683
2019,4,경남,창원의창,북창원,164,244,673
2019,4,경남,함양,산청,149,281,528
2019,4,경남,합천,합천,1338,1879,712
2019,4,경북,경산,대구,154,260,591
2019,4,경북,고령,합천,528,659,801
2019,4,경북,구미,구미,70,95,738
2019,4,경북,군위,의성,204,261,780
2019,4,경북,김천,추풍령,250,325,769
2019,4,경북,문경,문경,225,248,906
2019,4,경북,안동,안동,29,54,535
2019,4,경북,영주,영주,28,28,1006
2019,4,경북,영천,영천,1154,1567,736
2019,4,경북,의성,의성,759,1200,633
2019,4,광주,광주서구,광주,207,284,727
2019,4,대구,달성,대구,306,413,740
2019,4,대구,대구중구,대구,126,157,806
2019,4,부산,연제,부산,142,192,740
2019,4,전남,고흥,고흥,4300,6653,646
2019,4,전남,나주,광주,95,146,652
2019,4,전남,무안,목포,6108,7999,764
2019,4,전남,신안,목포,381,572,666
2019,4,전남,여수,여수,1117,1628,686
2019,4,전남,영암,강진군,278,312,894
2019,4,전남,장흥,장흥,206,322,641
2019,4,전남,함평,영광,2812,3525,798
2019,4,전남,해남,해남,229,372,617
2019,4,전북,고창,고창,226,282,803
2019,4,전북,부안,부안,135,189,716
2019,4,전북,완주,전주,146,177,824
2019,4,전북,익산,군산,350,489,716
2019,4,제주,서귀포,서귀포,5187,6041,859
2019,4,제주,제주,제주,8644,10734,805
2019,4,충남,논산,부여,544,1337,407
2019,4,충남,서산,서산,65,97,668
2019,5,경기,구리,서울,663,1268,522
2019,5,경남,거창,거창,15,32,468
2019,5,경남,밀양,밀양,906,1573,576
2019,5,경남,의령,의령군,94,185,512
2019,5,경남,창녕,밀양,1492,2714,550
2019,5,경남,창원의창,북창원,354,631,560
2019,5,경남,함양,산청,239,418,571
2019,5,경남,합천,합천,411,700,587
2019,5,경북,경산,대구,180,339,530
2019,5,경북,고령,합천,921,1569,587
2019,5,경북,구미,구미,141,299,473
2019,5,경북,군위,의성,663,1226,541
2019,5,경북,김천,추풍령,35,68,514
2019,5,경북,문경,문경,286,423,677
2019,5,경북,안동,안동,117,234,502
2019,5,경북,영주,영주,24,26,931
2019,5,경북,영천,영천,687,1116,615
2019,5,경북,의성,의성,706,1235,572
2019,5,광주,광주서구,광주,127,275,462
2019,5,대구,달성,대구,340,601,565
2019,5,대구,대구중구,대구,158,300,527
2019,5,부산,연제,부산,227,390,583
2019,5,전남,고흥,고흥,2395,4296,558
2019,5,전남,나주,광주,37,56,663
2019,5,전남,무안,목포,15139,31202,485
2019,5,전남,신안,목포,708,1522,465
2019,5,전남,여수,여수,221,392,563
2019,5,전남,영암,강진군,133,206,644
2019,5,전남,장흥,장흥,627,1282,489
2019,5,전남,함평,영광,2364,4418,535
2019,5,전남,해남,해남,934,2051,456
2019,5,전북,고창,고창,152,254,600
2019,5,전북,부안,부안,21,45,455
2019,5,전북,완주,전주,222,360,616
2019,5,전북,익산,군산,388,717,542
2019,5,제주,서귀포,서귀포,207,333,622
2019,5,제주,제주,제주,801,1219,657
2019,5,충남,논산,부여,535,1314,407
2019,5,충남,서산,서산,294,596,494
2019,6,경기,구리,서울,593,1491,398
2019,6,경남,거창,거창,25,76,329
2019,6,경남,밀양,밀양,187,581,321
2019,6,경남,의령,의령군,611,2000,306
2019,6,경남,창녕,밀양,1722,4908,351
2019,6,경남,창원의창,북창원,313,992,316
2019,6,경남,함양,산청,699,1907,367
2019,6,경남,합천,합천,1134,3560,319
2019,6,경북,경산,대구,118,361,328
2019,6,경북,고령,합천,1057,3696,286
2019,6,경북,구미,구미,258,934,276
2019,6,경북,군위,의성,392,1037,378
2019,6,경북,김천,추풍령,188,682,275
2019,6,경북,문경,문경,306,597,513
2019,6,경북,안동,안동,155,478,325
2019,6,경북,영주,영주,130,329,396
2019,6,경북,영천,영천,152,320,473
2019,6,경북,의성,의성,214,682,314
2019,6,광주,광주서구,광주,120,359,334
2019,6,대구,달성,대구,354,1086,326
2019,6,대구,대구중구,대구,97,286,339
2019,6,부산,연제,부산,108,301,359
2019,6,전남,고흥,고흥,338,1034,327
2019,6,전남,나주,광주,297,775,383
2019,6,전남,무안,목포,9333,23711,394
2019,6,전남,신안,목포,291,763,381
2019,6,전남,여수,여수,33,125,266
2019,6,전남,영암,강진군,92,223,412
2019,6,전남,장흥,장흥,461,1406,328
2019,6,전남,함평,영광,1236,3162,391
2019,6,전남,해남,해남,426,1328,321
2019,6,전북,고창,고창,79,285,278
2019,6,전북,부안,부안,153,421,364
2019,6,전북,완주,전주,295,750,393
2019,6,전북,익산,군산,413,1277,323
2019,6,제주,서귀포,서귀포,18,67,266
2019,6,제주,제주,제주,63,185,342
2019,6,충남,논산,부여,726,1907,381
2019,6,충남,서산,서산,467,1203,388
2019,7,경기,구리,서울,393,1175,334
2019,7,경남,거창,거창,52,174,298
2019,7,경남,밀양,밀양,193,637,304
2019,7,경남,의령,의령군,234,878,267
2019,7,경남,창녕,밀양,1184,3959,299
2019,7,경남,창원의창,북창원,99,366,272
2019,7,경남,함양,산청,379,1118,339
2019,7,경남,합천,합천,923,3185,290
2019,7,경북,경산,대구,54,200,270
2019,7,경북,고령,합천,395,1371,288
2019,7,경북,구미,구미,133,455,292
2019,7,경북,군위,의성,61,213,288
2019,7,경북,김천,추풍령,258,914,282
2019,7,경북,문경,문경,309,739,418
2019,7,경북,안동,안동,35,155,229
2019,7,경북,영주,영주,119,376,316
2019,7,경북,영천,영천,192,578,332
2019,7,경북,의성,의성,127,418,303
2019,7,광주,광주서구,광주,194,580,334
2019,7,대구,달성,대구,214,799,268
2019,7,대구,대구중구,대구,85,304,281
2019,7,부산,연제,부산,123,349,353
2019,7,전남,고흥,고흥,21,86,239
2019,7,전남,나주,광주,84,311,269
2019,7,전남,무안,목포,2932,8464,346
2019,7,전남,신안,목포,233,718,324
2019,7,전남,여수,여수,0,2,188
2019,7,전남,영암,강진군,57,137,415
2019,7,전남,장흥,장흥,57,239,239
2019,7,전남,함평,영광,1050,2738,383
2019,7,전남,해남,해남,144,574,250
2019,7,전북,고창,고창,82,270,305
2019,7,전북,부안,부안,193,622,310
2019,7,전북,완주,전주,507,1396,363
2019,7,전북,익산,군산,412,1234,334
2019,7,제주,서귀포,서귀포,3,11,250
2019,7,충남,논산,부여,82,287,286
2019,7,충남,서산,서산,280,927,303
2019,8,경기,구리,서울,552,1299,425
2019,8,경남,거창,거창,183,508,361
2019,8,경남,밀양,밀양,89,266,334
2019,8,경남,의령,의령군,262,827,317
2019,8,경남,창녕,밀양,1443,3838,376
2019,8,경남,창원의창,북창원,126,384,328
2019,8,경남,함양,산청,641,1662,386
2019,8,경남,합천,합천,826,2265,365
2019,8,경북,경산,대구,123,371,333
2019,8,경북,고령,합천,337,1066,317
2019,8,경북,구미,구미,116,365,318
2019,8,경북,군위,의성,150,433,347
2019,8,경북,김천,추풍령,109,337,323
2019,8,경북,문경,문경,465,865,538
2019,8,경북,안동,안동,12,39,314
2019,8,경북,영주,영주,72,195,368
2019,8,경북,영천,영천,427,1085,394
2019,8,경북,의성,의성,148,369,400
2019,8,광주,광주서구,광주,204,456,447
2019,8,대구,달성,대구,194,534,363
2019,8,대구,대구중구,대구,65,163,400
2019,8,부산,연제,부산,113,303,374
2019,8,전남,고흥,고흥,27,86,318
2019,8,전남,나주,광주,147,400,367
2019,8,전남,무안,목포,4142,9212,450
2019,8,전남,신안,목포,526,1207,435
2019,8,전남,영암,강진군,98,231,425
2019,8,전남,장흥,장흥,37,116,322
2019,8,전남,함평,영광,1979,4305,460
2019,8,전남,해남,해남,189,509,371
2019,8,전북,고창,고창,25,75,337
2019,8,전북,부안,부안,247,623,397
2019,8,전북,완주,전주,450,1009,446
2019,8,전북,익산,군산,494,1247,396
2019,8,충남,논산,부여,66,199,330
2019,8,충남,서산,서산,153,392,391
2019,9,경기,구리,서울,500,1095,456
2019,9,경남,거창,거창,23,58,397
2019,9,경남,밀양,밀양,54,149,365
2019,9,경남,의령,의령군,234,568,412
2019,9,경남,창녕,밀양,2206,5353,412
2019,9,경남,창원의창,북창원,125,326,385
2019,9,경남,함양,산청,1003,2324,432
2019,9,경남,합천,합천,685,1700,403
2019,9,경북,경산,대구,58,161,358
2019,9,경북,고령,합천,344,882,390
2019,9,경북,구미,구미,83,214,386
2019,9,경북,군위,의성,88,220,400
2019,9,경북,김천,추풍령,143,365,393
2019,9,경북,문경,문경,394,683,577
2019,9,경북,안동,안동,30,88,347
2019,9,경북,영주,영주,64,117,549
2019,9,경북,영천,영천,367,859,428
2019,9,경북,의성,의성,239,574,416
2019,9,광주,광주서구,광주,136,281,483
2019,9,대구,달성,대구,230,587,392
2019,9,대구,대구중구,대구,106,264,401
2019,9,부산,연제,부산,138,326,423
2019,9,전남,고흥,고흥,28,88,320
2019,9,전남,나주,광주,116,289,402
2019,9,전남,무안,목포,4083,8784,465
2019,9,전남,신안,목포,968,2082,465
2019,9,전남,여수,여수,21,64,330
2019,9,전남,영암,강진군,94,190,492
2019,9,전남,장흥,장흥,16,44,364
2019,9,전남,함평,영광,2118,4527,468
2019,9,전남,해남,해남,195,490,397
2019,9,전북,고창,고창,2,4,442
2019,9,전북,부안,부안,188,412,455
2019,9,전북,완주,전주,336,713,471
2019,9,전북,익산,군산,172,443,389
2019,9,제주,서귀포,서귀포,2,4,428
2019,9,충남,논산,부여,43,126,337
2019,9,충남,서산,서산,215,493,436
2019,10,경기,구리,서울,352,814,433
2019,10,경남,거창,거창,11,29,360
2019,10,경남,밀양,밀양,31,86,359
2019,10,경남,의령,의령군,226,572,395
2019,10,경남,창녕,밀양,1765,4360,405
2019,10,경남,창원의창,북창원,123,317,388
2019,10,경남,함양,산청,561,1388,404
2019,10,경남,합천,합천,670,1618,414
2019,10,경북,경산,대구,155,389,399
2019,10,경북,고령,합천,417,997,418
2019,10,경북,구미,구미,68,171,395
2019,10,경북,군위,의성,151,368,410
2019,10,경북,김천,추풍령,166,383,433
2019,10,경북,문경,문경,440,792,555
2019,10,경북,안동,안동,51,126,402
2019,10,경북,영주,영주,85,194,436
2019,10,경북,영천,영천,324,769,421
2019,10,경북,의성,의성,403,985,409
2019,10,광주,광주서구,광주,113,248,455
2019,10,대구,달성,대구,373,918,406
2019,10,대구,대구중구,대구,164,406,403
2019,10,부산,연제,부산,167,377,443
2019,10,전남,고흥,고흥,49,119,411
2019,10,전남,나주,광주,109,243,450
2019,10,전남,무안,목포,4434,9719,456
2019,10,전남,신안,목포,1577,3398,464
2019,10,전남,여수,여수,1,4,365
2019,10,전남,영암,강진군,43,60,715
2019,10,전남,장흥,장흥,19,47,411
2019,10,전남,함평,영광,2294,4891,469
2019,10,전남,해남,해남,333,812,410
2019,10,전북,고창,고창,0,0,750
2019,10,전북,부안,부안,219,442,494
2019,10,전북,완주,전주,195,411,474
2019,10,전북,익산,군산,151,323,467
2019,10,제주,서귀포,서귀포,6,12,503
2019,10,제주,제주,제주,33,100,327
2019,10,충남,논산,부여,13,44,294
2019,10,충남,서산,서산,194,433,448
2019,11,경기,구리,서울,349,684,510
2019,11,경남,거창,거창,263,549,479
2019,11,경남,밀양,밀양,1,2,448
2019,11,경남,의령,의령군,257,520,495
2019,11,경남,창녕,밀양,1464,2887,507
2019,11,경남,창원의창,북창원,267,537,497
2019,11,경남,함양,산청,925,1771,522
2019,11,경남,합천,합천,1040,1990,523
2019,11,경북,경산,대구,108,225,482
2019,11,경북,고령,합천,507,967,525
2019,11,경북,구미,구미,61,115,527
2019,11,경북,군위,의성,383,733,522
2019,11,경북,김천,추풍령,256,515,496
2019,11,경북,문경,문경,464,726,639
2019,11,경북,안동,안동,19,46,416
2019,11,경북,영주,영주,34,61,565
2019,11,경북,영천,영천,908,1769,513
2019,11,경북,의성,의성,293,556,527
2019,11,광주,광주서구,광주,139,264,528
2019,11,대구,달성,대구,293,607,482
2019,11,대구,대구중구,대구,57,119,479
2019,11,부산,연제,부산,268,479,559
2019,11,전남,고흥,고흥,74,159,466
2019,11,전남,나주,광주,223,445,501
2019,11,전남,무안,목포,4905,9159,535
2019,11,전남,신안,목포,1445,2605,555
2019,11,전남,영암,강진군,135,212,636
2019,11,전남,장흥,장흥,27,64,420
2019,11,전남,함평,영광,2447,4330,565
2019,11,전남,해남,해남,148,299,493
2019,11,전북,고창,고창,41,73,552
2019,11,전북,부안,부안,272,496,547
2019,11,전북,완주,전주,289,520,556
2019,11,전북,익산,군산,185,352,526
2019,11,제주,서귀포,서귀포,6,14,467
2019,11,제주,제주,제주,25,50,490
2019,11,충남,논산,부여,55,110,504
2019,11,충남,서산,서산,192,381,504
2019,12,경기,구리,서울,391,574,682
2019,12,경남,거창,거창,269,437,615
2019,12,경남,밀양,밀양,14,21,659
2019,12,경남,의령,의령군,305,506,603
2019,12,경남,창녕,밀양,2116,3251,651
2019,12,경남,창원의창,북창원,220,297,742
2019,12,경남,함양,산청,1097,1642,668
2019,12,경남,합천,합천,1390,2030,685
2019,12,경북,경산,대구,349,541,645
2019,12,경북,고령,합천,644,936,689
2019,12,경북,구미,구미,164,252,653
2019,12,경북,군위,의성,502,720,698
2019,12,경북,김천,추풍령,388,571,680
2019,12,경북,문경,문경,540,630,858
2019,12,경북,안동,안동,49,80,612
2019,12,경북,영주,영주,141,213,664
2019,12,경북,영천,영천,1148,1713,670
2019,12,경북,의성,의성,498,783,636
2019,12,광주,광주서구,광주,115,180,640
2019,12,대구,달성,대구,343,522,658
2019,12,대구,대구중구,대구,81,125,648
2019,12,부산,연제,부산,222,296,749
2019,12,전남,고흥,고흥,52,88,587
2019,12,전남,나주,광주,156,257,608
2019,12,전남,무안,목포,6567,9344,703
2019,12,전남,신안,목포,1207,1671,722
2019,12,전남,영암,강진군,67,84,805
2019,12,전남,장흥,장흥,33,71,457
2019,12,전남,함평,영광,2806,3831,733
2019,12,전남,해남,해남,639,944,677
2019,12,전북,고창,고창,252,345,730
2019,12,전북,부안,부안,383,513,748
2019,12,전북,완주,전주,122,154,792
2019,12,전북,익산,군산,168,224,752
2019,12,제주,서귀포,서귀포,4,6,675
2019,12,충남,논산,부여,62,90,690
2019,12,충남,서산,서산,69,109,636
2020,1,경기,구리,서울,498,651,765
2020,1,경남,거창,거창,145,182,799
2020,1,경남,밀양,밀양,0,1,577
2020,1,경남,의령,의령군,373,493,757
2020,1,경남,창녕,밀양,2078,2650,784
2020,1,경남,창원의창,북창원,102,146,696
2020,1,경남,함양,산청,1783,2301,775
2020,1,경남,합천,합천,1596,1856,860
2020,1,경북,경산,대구,183,233,783
2020,1,경북,고령,합천,691,778,888
2020,1,경북,구미,구미,73,107,684
2020,1,경북,군위,의성,622,748,831
2020,1,경북,김천,추풍령,571,688,829
2020,1,경북,문경,문경,692,692,999
2020,1,경북,안동,안동,244,292,833
2020,1,경북,영주,영주,229,264,868
2020,1,경북,영천,영천,1216,1448,839
2020,1,경북,의성,의성,834,1003,832
2020,1,광주,광주서구,광주,206,255,808
2020,1,대구,달성,대구,505,619,816
2020,1,대구,대구중구,대구,46,55,825
2020,1,부산,연제,부산,243,276,882
2020,1,전남,고흥,고흥,166,213,777
2020,1,전남,나주,광주,339,430,788
2020,1,전남,무안,목포,7290,8736,834
2020,1,전남,신안,목포,1134,1322,858
2020,1,전남,영암,강진군,68,62,1094
2020,1,전남,장흥,장흥,48,87,559
2020,1,전남,함평,영광,3369,3807,885
2020,1,전남,해남,해남,196,251,779
2020,1,전북,고창,고창,701,797,879
2020,1,전북,부안,부안,855,943,906
2020,1,전북,완주,전주,346,385,899
2020,1,전북,익산,군산,296,343,863
2020,1,제주,서귀포,서귀포,2,3,728
2020,1,제주,제주,제주,12,16,755
2020,1,충남,논산,부여,79,99,796
2020,1,충남,서산,서산,97,123,787
2020,2,경기,구리,서울,588,653,901
2020,2,경남,거창,거창,243,231,1052
2020,2,경남,밀양,밀양,3,3,1020
2020,2,경남,의령,의령군,153,180,851
2020,2,경남,창녕,밀양,2462,2461,1000
2020,2,경남,창원의창,북창원,79,83,956
2020,2,경남,함양,산청,1116,1239,900
2020,2,경남,합천,합천,3417,3214,1063
2020,2,경북,경산,대구,346,363,952
2020,2,경북,고령,합천,543,502,1081
2020,2,경북,구미,구미,133,138,959
2020,2,경북,군위,의성,820,789,1039
2020,2,경북,김천,추풍령,562,533,1054
2020,2,경북,문경,문경,1112,1010,1101
2020,2,경북,안동,안동,384,401,959
2020,2,경북,영주,영주,173,191,904
2020,2,경북,영천,영천,1915,1841,1040
2020,2,경북,의성,의성,910,924,986
2020,2,광주,광주서구,광주,128,141,908
2020,2,대구,달성,대구,553,566,976
2020,2,대구,대구중구,대구,197,194,1017
2020,2,부산,연제,부산,197,196,1001
2020,2,전남,고흥,고흥,44,59,733
2020,2,전남,나주,광주,98,126,782
2020,2,전남,무안,목포,8043,7790,1032
2020,2,전남,신안,목포,1580,1633,968
2020,2,전남,영암,강진군,61,48,1275
2020,2,전남,장흥,장흥,47,66,715
2020,2,전남,함평,영광,3741,3607,1037
2020,2,전남,해남,해남,172,194,890
2020,2,전북,고창,고창,649,611,1063
2020,2,전북,부안,부안,484,449,1078
2020,2,전북,완주,전주,301,276,1088
2020,2,전북,익산,군산,239,235,1019
2020,2,제주,서귀포,서귀포,28,38,745
2020,2,제주,제주,제주,2,4,647
2020,2,충남,논산,부여,37,30,1223
2020,2,충남,서산,서산,108,126,860
2020,3,경기,구리,서울,627,704,891
2020,3,경남,거창,거창,62,72,870
2020,3,경남,밀양,밀양,138,156,884
2020,3,경남,의령,의령군,102,107,953
2020,3,경남,창녕,밀양,2220,2363,939
2020,3,경남,창원의창,북창원,280,284,988
2020,3,경남,함양,산청,1012,1025,987
2020,3,경남,합천,합천,2650,2603,1018
2020,3,경북,경산,대구,466,492,947
2020,3,경북,고령,합천,429,362,1186
2020,3,경북,구미,구미,46,45,1027
2020,3,경북,군위,의성,421,429,980
2020,3,경북,김천,추풍령,548,491,1114
2020,3,경북,문경,문경,941,825,1141
2020,3,경북,안동,안동,362,393,921
2020,3,경북,영주,영주,245,257,955
2020,3,경북,영천,영천,2444,2443,1000
2020,3,경북,의성,의성,549,582,944
2020,3,광주,광주서구,광주,92,106,865
2020,3,대구,달성,대구,345,382,904
2020,3,대구,대구중구,대구,224,259,866
2020,3,부산,연제,부산,141,131,1079
2020,3,전남,고흥,고흥,317,392,810
2020,3,전남,나주,광주,163,219,742
2020,3,전남,무안,목포,8833,9272,953
2020,3,전남,신안,목포,1125,1210,930
2020,3,전남,여수,여수,598,821,728
2020,3,전남,영암,강진군,50,33,1510
2020,3,전남,장흥,장흥,20,25,792
2020,3,전남,함평,영광,2709,2653,1021
2020,3,전남,해남,해남,128,152,841
2020,3,전북,고창,고창,955,791,1208
2020,3,전북,부안,부안,516,506,1020
2020,3,전북,완주,전주,310,296,1045
2020,3,전북,익산,군산,319,327,974
2020,3,제주,서귀포,서귀포,678,641,1057
2020,3,제주,제주,제주,355,346,1026
2020,3,충남,논산,부여,17,20,862
2020,3,충남,서산,서산,316,338,934
2020,4,경기,구리,서울,638,735,868
2020,4,경남,거창,거창,9,11,754
2020,4,경남,밀양,밀양,502,591,849
2020,4,경남,의령,의령군,109,107,1014
2020,4,경남,창녕,밀양,1099,1178,933
2020,4,경남,창원의창,북창원,139,174,799
2020,4,경남,함양,산청,293,358,818
2020,4,경남,합천,합천,792,872,908
2020,4,경북,경산,대구,241,280,858
2020,4,경북,고령,합천,603,635,949
2020,4,경북,구미,구미,82,89,915
2020,4,경북,군위,의성,312,345,904
2020,4,경북,김천,추풍령,256,272,940
2020,4,경북,문경,문경,416,390,1067
2020,4,경북,안동,안동,163,196,833
2020,4,경북,영주,영주,124,110,1121
2020,4,경북,영천,영천,688,762,903
2020,4,경북,의성,의성,725,924,784
2020,4,광주,광주서구,광주,157,207,757
2020,4,대구,달성,대구,264,314,840
2020,4,대구,대구중구,대구,157,194,806
2020,4,부산,연제,부산,228,240,948
2020,4,전남,고흥,고흥,6065,7204,842
2020,4,전남,나주,광주,256,280,915
2020,4,전남,무안,목포,10189,11686,872
2020,4,전남,신안,목포,366,417,877
2020,4,전남,여수,여수,1069,1278,836
2020,4,전남,영암,강진군,131,116,1131
2020,4,전남,장흥,장흥,304,385,790
2020,4,전남,함평,영광,1884,2050,919
2020,4,전남,해남,해남,345,493,700
2020,4,전북,고창,고창,947,1046,905
2020,4,전북,부안,부안,282,338,833
2020,4,전북,완주,전주,367,357,1028
2020,4,전북,익산,군산,352,425,829
2020,4,제주,서귀포,서귀포,4667,5225,893
2020,4,제주,제주,제주,9650,10895,886
2020,4,충남,논산,부여,27,34,786
2020,4,충남,서산,서산,129,164,787
2020,5,경기,구리,서울,721,1119,644
2020,5,경남,거창,거창,30,45,662
2020,5,경남,밀양,밀양,464,651,713
2020,5,경남,의령,의령군,156,226,692
2020,5,경남,창녕,밀양,3184,4631,688
2020,5,경남,창원의창,북창원,434,608,714
2020,5,경남,함양,산청,770,1173,656
2020,5,경남,합천,합천,1546,2205,701
2020,5,경북,경산,대구,89,144,619
2020,5,경북,고령,합천,915,1300,704
2020,5,경북,구미,구미,93,136,689
2020,5,경북,군위,의성,572,804,711
2020,5,경북,김천,추풍령,47,64,727
2020,5,경북,문경,문경,706,899,786
2020,5,경북,안동,안동,204,269,759
2020,5,경북,영주,영주,59,48,1233
2020,5,경북,영천,영천,304,414,735
2020,5,경북,의성,의성,324,456,710
2020,5,광주,광주서구,광주,202,323,627
2020,5,대구,달성,대구,629,849,741
2020,5,대구,대구중구,대구,311,448,694
2020,5,부산,연제,부산,212,292,725
2020,5,전남,고흥,고흥,1663,2392,695
2020,5,전남,나주,광주,112,155,725
2020,5,전남,무안,목포,18866,28343,666
2020,5,전남,신안,목포,455,700,650
2020,5,전남,여수,여수,294,506,581
2020,5,전남,영암,강진군,215,304,708
2020,5,전남,장흥,장흥,1014,1473,689
2020,5,전남,함평,영광,2665,3799,702
2020,5,전남,해남,해남,917,1577,582
2020,5,전북,고창,고창,271,337,807
2020,5,전북,부안,부안,270,398,679
2020,5,전북,완주,전주,438,588,745
2020,5,전북,익산,군산,287,448,640
2020,5,제주,서귀포,서귀포,117,153,763
2020,5,제주,제주,제주,493,703,700
2020,5,충남,논산,부여,31,38,819
2020,5,충남,서산,서산,446,684,651
2020,6,경기,구리,서울,522,900,580
2020,6,경남,거창,거창,45,70,650
2020,6,경남,밀양,밀양,359,782,459
2020,6,경남,의령,의령군,597,1222,488
2020,6,경남,창녕,밀양,2426,4856,500
2020,6,경남,창원의창,북창원,294,608,484
2020,6,경남,함양,산청,1216,1919,634
2020,6,경남,합천,합천,1583,2927,541
2020,6,경북,경산,대구,134,252,532
2020,6,경북,고령,합천,1896,3661,518
2020,6,경북,구미,구미,370,738,501
2020,6,경북,군위,의성,206,390,528
2020,6,경북,김천,추풍령,914,1575,581
2020,6,경북,문경,문경,755,1225,617
2020,6,경북,안동,안동,239,410,583
2020,6,경북,영주,영주,384,586,656
2020,6,경북,영천,영천,272,422,645
2020,6,경북,의성,의성,228,414,550
2020,6,광주,광주서구,광주,164,358,459
2020,6,대구,달성,대구,554,1142,485
2020,6,대구,대구중구,대구,161,336,478
2020,6,부산,연제,부산,141,241,586
2020,6,전남,고흥,고흥,345,717,481
2020,6,전남,나주,광주,120,227,526
2020,6,전남,무안,목포,11009,18916,582
2020,6,전남,신안,목포,364,678,538
2020,6,전남,여수,여수,61,142,430
2020,6,전남,영암,강진군,74,120,616
2020,6,전남,장흥,장흥,192,386,496
2020,6,전남,함평,영광,1501,2552,588
2020,6,전남,해남,해남,768,1623,474
2020,6,전북,고창,고창,96,182,526
2020,6,전북,부안,부안,91,153,594
2020,6,전북,완주,전주,791,1254,631
2020,6,전북,익산,군산,460,936,491
2020,6,제주,서귀포,서귀포,39,78,496
2020,6,제주,제주,제주,128,254,505
2020,6,충남,논산,부여,173,350,493
2020,6,충남,서산,서산,605,993,609
2020,7,경기,구리,서울,572,877,652
2020,7,경남,거창,거창,161,233,689
2020,7,경남,밀양,밀양,260,509,512
2020,7,경남,의령,의령군,147,267,549
2020,7,경남,창녕,밀양,2015,3376,597
2020,7,경남,창원의창,북창원,109,193,565
2020,7,경남,함양,산청,804,1191,675
2020,7,경남,합천,합천,1315,2161,608
2020,7,경북,경산,대구,104,168,618
2020,7,경북,고령,합천,1245,1825,682
2020,7,경북,구미,구미,256,424,604
2020,7,경북,군위,의성,181,293,619
2020,7,경북,김천,추풍령,387,594,651
2020,7,경북,문경,문경,882,1133,778
2020,7,경북,안동,안동,216,300,721
2020,7,경북,영주,영주,485,716,677
2020,7,경북,영천,영천,468,746,627
2020,7,경북,의성,의성,330,520,634
2020,7,광주,광주서구,광주,78,135,577
2020,7,대구,달성,대구,372,623,598
2020,7,대구,대구중구,대구,94,192,492
2020,7,부산,연제,부산,106,155,685
2020,7,전남,고흥,고흥,50,106,477
2020,7,전남,나주,광주,66,136,485
2020,7,전남,무안,목포,6800,10017,679
2020,7,전남,신안,목포,329,466,708
2020,7,전남,여수,여수,1,2,404
2020,7,전남,영암,강진군,51,66,774
2020,7,전남,장흥,장흥,39,67,574
2020,7,전남,함평,영광,2520,3355,751
2020,7,전남,해남,해남,368,671,548
2020,7,전북,고창,고창,56,90,617
2020,7,전북,부안,부안,262,349,751
2020,7,전북,완주,전주,814,1083,752
2020,7,전북,익산,군산,251,449,558
2020,7,제주,서귀포,서귀포,41,107,380
2020,7,제주,제주,제주,15,30,494
2020,7,충남,논산,부여,76,157,486
2020,7,충남,서산,서산,268,440,609
2020,8,경기,구리,서울,794,908,874
2020,8,경남,거창,거창,272,350,778
2020,8,경남,밀양,밀양,118,149,787
2020,8,경남,의령,의령군,349,424,824
2020,8,경남,창녕,밀양,2974,3803,782
2020,8,경남,창원의창,북창원,126,161,783
2020,8,경남,함양,산청,1228,1404,875
2020,8,경남,합천,합천,1775,2146,827
2020,8,경북,경산,대구,143,182,787
2020,8,경북,고령,합천,1360,1512,899
2020,8,경북,구미,구미,97,125,780
2020,8,경북,군위,의성,156,190,820
2020,8,경북,김천,추풍령,679,913,744
2020,8,경북,문경,문경,810,751,1078
2020,8,경북,안동,안동,192,223,862
2020,8,경북,영주,영주,245,306,801
2020,8,경북,영천,영천,1231,1391,885
2020,8,경북,의성,의성,516,619,834
2020,8,광주,광주서구,광주,75,100,755
2020,8,대구,달성,대구,290,366,794
2020,8,대구,대구중구,대구,414,516,803
2020,8,부산,연제,부산,199,247,806
2020,8,전남,고흥,고흥,224,258,865
2020,8,전남,나주,광주,199,262,758
2020,8,전남,무안,목포,10142,11124,912
2020,8,전남,신안,목포,535,605,886
2020,8,전남,여수,여수,0,0,636
2020,8,전남,영암,강진군,102,106,960
2020,8,전남,장흥,장흥,36,57,637
2020,8,전남,함평,영광,3717,3991,931
2020,8,전남,해남,해남,601,674,891
2020,8,전북,고창,고창,27,24,1094
2020,8,전북,부안,부안,445,481,924
2020,8,전북,완주,전주,463,503,922
2020,8,전북,익산,군산,250,320,782
2020,8,제주,서귀포,서귀포,27,30,898
2020,8,충남,논산,부여,54,74,732
2020,8,충남,서산,서산,132,172,767
2020,9,경기,구리,서울,1030,1100,937
2020,9,경남,거창,거창,86,87,985
2020,9,경남,밀양,밀양,292,349,837
2020,9,경남,의령,의령군,392,415,945
2020,9,경남,창녕,밀양,3297,3737,882
2020,9,경남,창원의창,북창원,110,131,839
2020,9,경남,함양,산청,2037,2135,954
2020,9,경남,합천,합천,1776,1908,931
2020,9,경북,경산,대구,170,174,975
2020,9,경북,고령,합천,1185,1137,1042
2020,9,경북,구미,구미,107,116,918
2020,9,경북,군위,의성,334,365,914
2020,9,경북,김천,추풍령,777,854,910
2020,9,경북,문경,문경,873,742,1177
2020,9,경북,안동,안동,589,702,839
2020,9,경북,영주,영주,436,434,1005
2020,9,경북,영천,영천,1305,1327,984
2020,9,경북,의성,의성,946,943,1003
2020,9,광주,광주서구,광주,158,159,999
2020,9,대구,달성,대구,327,353,925
2020,9,대구,대구중구,대구,343,373,921
2020,9,부산,연제,부산,171,161,1064
2020,9,전남,고흥,고흥,216,228,947
2020,9,전남,나주,광주,165,196,838
2020,9,전남,무안,목포,13438,13655,984
2020,9,전남,신안,목포,483,488,991
2020,9,전남,여수,여수,35,50,693
2020,9,전남,영암,강진군,391,386,1013
2020,9,전남,장흥,장흥,38,55,703
2020,9,전남,함평,영광,3792,3727,1017
2020,9,전남,해남,해남,550,602,914
2020,9,전북,고창,고창,45,46,977
2020,9,전북,부안,부안,504,491,1028
2020,9,전북,완주,전주,530,525,1009
2020,9,전북,익산,군산,324,300,1078
2020,9,제주,제주,제주,17,35,490
2020,9,충남,논산,부여,69,65,1059
2020,9,충남,서산,서산,348,376,927
2020,10,경기,구리,서울,792,752,1053
2020,10,경남,거창,거창,92,82,1113
2020,10,경남,밀양,밀양,167,169,985
2020,10,경남,의령,의령군,287,290,990
2020,10,경남,창녕,밀양,3502,3561,983
2020,10,경남,창원의창,북창원,177,179,990
2020,10,경남,함양,산청,1899,1791,1060
2020,10,경남,합천,합천,2332,2211,1055
2020,10,경북,경산,대구,253,246,1029
2020,10,경북,고령,합천,852,701,1215
2020,10,경북,구미,구미,151,142,1063
2020,10,경북,군위,의성,277,280,989
2020,10,경북,김천,추풍령,552,552,1001
2020,10,경북,문경,문경,932,750,1243
2020,10,경북,안동,안동,118,111,1061
2020,10,경북,영주,영주,492,448,1098
2020,10,경북,영천,영천,1029,963,1069
2020,10,경북,의성,의성,1196,1130,1058
2020,10,광주,광주서구,광주,102,119,854
2020,10,대구,달성,대구,353,359,981
2020,10,대구,대구중구,대구,409,401,1019
2020,10,부산,연제,부산,199,193,1033
2020,10,전남,고흥,고흥,196,200,979
2020,10,전남,나주,광주,155,161,964
2020,10,전남,무안,목포,11198,10015,1118
2020,10,전남,신안,목포,1506,1316,1144
2020,10,전남,여수,여수,34,42,818
2020,10,전남,영암,강진군,179,158,1131
2020,10,전남,장흥,장흥,38,52,727
2020,10,전남,함평,영광,4527,4002,1131
2020,10,전남,해남,해남,444,437,1015
2020,10,전북,고창,고창,133,104,1286
2020,10,전북,부안,부안,842,732,1151
2020,10,전북,완주,전주,594,526,1130
2020,10,전북,익산,군산,293,280,1048
2020,10,제주,제주,제주,18,23,800
2020,10,충남,논산,부여,20,19,1061
2020,10,충남,서산,서산,135,129,1045
2020,11,경기,구리,서울,486,417,1166
2020,11,경남,거창,거창,81,68,1182
2020,11,경남,밀양,밀양,159,157,1016
2020,11,경남,의령,의령군,783,740,1057
2020,11,경남,창녕,밀양,4323,3965,1090
2020,11,경남,창원의창,북창원,212,196,1083
2020,11,경남,함양,산청,1514,1302,1163
2020,11,경남,합천,합천,3355,2932,1144
2020,11,경북,경산,대구,379,333,1138
2020,11,경북,고령,합천,981,768,1277
2020,11,경북,구미,구미,124,114,1088
2020,11,경북,군위,의성,345,319,1083
2020,11,경북,김천,추풍령,605,537,1126
2020,11,경북,문경,문경,1017,760,1338
2020,11,경북,안동,안동,218,188,1158
2020,11,경북,영주,영주,526,439,1200
2020,11,경북,영천,영천,1543,1328,1162
2020,11,경북,의성,의성,1309,1195,1095
2020,11,광주,광주서구,광주,107,117,919
2020,11,대구,달성,대구,430,393,1094
2020,11,대구,대구중구,대구,593,523,1133
2020,11,부산,연제,부산,354,318,1114
2020,11,전남,고흥,고흥,31,39,797
2020,11,전남,나주,광주,234,209,1120
2020,11,전남,무안,목포,11188,9414,1188
2020,11,전남,신안,목포,1846,1496,1234
2020,11,전남,여수,여수,0,0,667
2020,11,전남,영암,강진군,59,42,1401
2020,11,전남,장흥,장흥,39,47,824
2020,11,전남,함평,영광,4933,3983,1239
2020,11,전남,해남,해남,115,100,1143
2020,11,전북,고창,고창,185,147,1257
2020,11,전북,부안,부안,1200,975,1231
2020,11,전북,완주,전주,1124,917,1226
2020,11,전북,익산,군산,311,273,1138
2020,11,제주,서귀포,서귀포,134,132,1018
2020,11,제주,제주,제주,96,99,967
2020,11,충남,논산,부여,48,42,1138
2020,11,충남,서산,서산,103,95,1089
2020,12,경기,구리,서울,699,583,1198
2020,12,경남,거창,거창,153,129,1186
2020,12,경남,밀양,밀양,69,66,1047
2020,12,경남,의령,의령군,364,328,1110
2020,12,경남,창녕,밀양,3893,3427,1136
2020,12,경남,창원의창,북창원,120,111,1082
2020,12,경남,함양,산청,1786,1550,1152
2020,12,경남,합천,합천,2063,1739,1186
2020,12,경북,경산,대구,214,186,1149
2020,12,경북,고령,합천,714,554,1288
2020,12,경북,구미,구미,111,103,1080
2020,12,경북,군위,의성,178,161,1104
2020,12,경북,김천,추풍령,694,709,978
2020,12,경북,문경,문경,961,702,1369
2020,12,경북,안동,안동,315,265,1189
2020,12,경북,영주,영주,320,264,1208
2020,12,경북,영천,영천,1748,1459,1198
2020,12,경북,의성,의성,1001,910,1099
2020,12,광주,광주서구,광주,214,189,1130
2020,12,대구,달성,대구,378,322,1174
2020,12,대구,대구중구,대구,330,310,1066
2020,12,부산,연제,부산,353,322,1096
2020,12,전남,고흥,고흥,43,40,1085
2020,12,전남,나주,광주,370,337,1098
2020,12,전남,무안,목포,7508,6524,1151
2020,12,전남,신안,목포,1457,1215,1199
2020,12,전남,영암,강진군,33,20,1679
2020,12,전남,장흥,장흥,129,129,1001
2020,12,전남,함평,영광,3667,2925,1254
2020,12,전남,해남,해남,104,101,1024
2020,12,전북,고창,고창,525,420,1250
2020,12,전북,부안,부안,403,329,1225
2020,12,전북,완주,전주,964,772,1247
2020,12,전북,익산,군산,437,202,2169
2020,12,제주,서귀포,서귀포,35,30,1139
2020,12,제주,제주,제주,66,60,1114
2020,12,충남,논산,부여,84,79,1067
2020,12,충남,서산,서산,181,156,1165
2021,1,경기,구리,서울,1124,757,1484
2021,1,경남,거창,거창,155,85,1834
2021,1,경남,밀양,밀양,124,94,1321
2021,1,경남,의령,의령군,366,248,1476
2021,1,경남,창녕,밀양,2825,1911,1479
2021,1,경남,창원의창,북창원,67,49,1376
2021,1,경남,함양,산청,1878,1218,1542
2021,1,경남,합천,합천,1860,1208,1540
2021,1,경북,경산,대구,133,89,1500
2021,1,경북,고령,합천,856,512,1673
2021,1,경북,구미,구미,173,119,1458
2021,1,경북,군위,의성,334,208,1605
2021,1,경북,김천,추풍령,991,668,1483
2021,1,경북,문경,문경,981,557,1762
2021,1,경북,안동,안동,491,318,1547
2021,1,경북,영주,영주,458,295,1554
2021,1,경북,영천,영천,2455,1576,1557
2021,1,경북,의성,의성,1018,656,1553
2021,1,광주,광주서구,광주,170,117,1455
2021,1,대구,달성,대구,301,216,1391
2021,1,대구,대구중구,대구,294,190,1543
2021,1,부산,연제,부산,435,294,1480
2021,1,전남,고흥,고흥,50,35,1425
2021,1,전남,나주,광주,207,152,1361
2021,1,전남,무안,목포,6825,4554,1499
2021,1,전남,신안,목포,1260,847,1488
2021,1,전남,영암,강진군,39,20,1978
2021,1,전남,장흥,장흥,30,26,1166
2021,1,전남,함평,영광,4530,2951,1535
2021,1,전남,해남,해남,71,51,1376
2021,1,전북,고창,고창,948,578,1639
2021,1,전북,부안,부안,223,148,1506
2021,1,전북,완주,전주,685,430,1594
2021,1,전북,익산,군산,323,232,1392
2021,1,제주,서귀포,서귀포,27,19,1433
2021,1,제주,제주,제주,44,46,957
2021,1,충남,논산,부여,38,25,1567
2021,1,충남,서산,서산,23,27,855
2021,2,경기,구리,서울,987,551,1791
2021,2,경남,거창,거창,333,181,1838
2021,2,경남,밀양,밀양,259,150,1728
2021,2,경남,의령,의령군,403,235,1719
2021,2,경남,창녕,밀양,2772,1685,1644
2021,2,경남,창원의창,북창원,66,42,1581
2021,2,경남,함양,산청,2088,1164,1793
2021,2,경남,합천,합천,1783,1013,1761
2021,2,경북,경산,대구,611,337,1813
2021,2,경북,고령,합천,1025,533,1923
2021,2,경북,구미,구미,53,32,1665
2021,2,경북,군위,의성,697,396,1761
2021,2,경북,김천,추풍령,720,419,1719
2021,2,경북,문경,문경,959,481,1995
2021,2,경북,안동,안동,752,421,1786
2021,2,경북,영주,영주,176,93,1893
2021,2,경북,영천,영천,1800,1013,1777
2021,2,경북,의성,의성,1743,1001,1741
2021,2,광주,광주서구,광주,192,103,1862
2021,2,대구,달성,대구,258,160,1616
2021,2,대구,대구중구,대구,281,171,1640
2021,2,부산,연제,부산,437,256,1706
2021,2,전남,고흥,고흥,82,50,1631
2021,2,전남,나주,광주,124,90,1382
2021,2,전남,무안,목포,7275,4118,1767
2021,2,전남,신안,목포,1963,1143,1717
2021,2,전남,영암,강진군,93,52,1789
2021,2,전남,장흥,장흥,52,45,1167
2021,2,전남,함평,영광,3163,1785,1772
2021,2,전남,해남,해남,41,27,1538
2021,2,전북,고창,고창,864,468,1847
2021,2,전북,부안,부안,605,338,1789
2021,2,전북,완주,전주,688,380,1812
2021,2,전북,익산,군산,168,97,1727
2021,2,제주,제주,제주,35,43,808
2021,2,충남,논산,부여,51,29,1804
2021,2,충남,서산,서산,138,85,1631
2021,3,경기,구리,서울,1187,770,1541
2021,3,경남,거창,거창,241,153,1572
2021,3,경남,밀양,밀양,174,118,1471
2021,3,경남,의령,의령군,99,88,1122
2021,3,경남,창녕,밀양,2622,1683,1558
2021,3,경남,창원의창,북창원,161,107,1508
2021,3,경남,함양,산청,1626,1026,1585
2021,3,경남,합천,합천,2340,1351,1732
2021,3,경북,경산,대구,1155,690,1675
2021,3,경북,고령,합천,815,447,1825
2021,3,경북,구미,구미,66,42,1589
2021,3,경북,군위,의성,219,139,1580
2021,3,경북,김천,추풍령,946,585,1616
2021,3,경북,문경,문경,1128,623,1811
2021,3,경북,안동,안동,233,131,1778
2021,3,경북,영주,영주,87,44,1990
2021,3,경북,영천,영천,2322,1412,1644
2021,3,경북,의성,의성,1322,790,1675
2021,3,광주,광주서구,광주,290,199,1456
2021,3,대구,달성,대구,434,264,1646
2021,3,대구,대구중구,대구,240,149,1609
2021,3,부산,연제,부산,452,279,1618
2021,3,전남,고흥,고흥,678,679,999
2021,3,전남,나주,광주,195,158,1231
2021,3,전남,무안,목포,9313,5942,1567
2021,3,전남,신안,목포,1605,992,1619
2021,3,전남,여수,여수,889,922,964
2021,3,전남,영암,강진군,70,44,1596
2021,3,전남,장흥,장흥,95,78,1224
2021,3,전남,함평,영광,4421,2729,1620
2021,3,전남,해남,해남,106,98,1089
2021,3,전북,고창,고창,915,518,1767
2021,3,전북,부안,부안,633,387,1633
2021,3,전북,완주,전주,779,464,1681
2021,3,전북,익산,군산,248,172,1438
2021,3,제주,서귀포,서귀포,2790,1992,1401
2021,3,제주,제주,제주,3302,2644,1249
2021,3,충남,논산,부여,5,4,1197
2021,3,충남,서산,서산,87,62,1392
2021,4,경기,구리,서울,808,848,952
2021,4,경남,거창,거창,31,36,853
2021,4,경남,밀양,밀양,255,328,776
2021,4,경남,의령,의령군,257,255,1009
2021,4,경남,창녕,밀양,822,939,876
2021,4,경남,창원의창,북창원,292,355,823
2021,4,경남,함양,산청,648,518,1251
2021,4,경남,합천,합천,800,772,1036
2021,4,경북,경산,대구,104,138,756
2021,4,경북,고령,합천,545,662,824
2021,4,경북,구미,구미,64,73,869
2021,4,경북,군위,의성,181,200,905
2021,4,경북,김천,추풍령,121,125,970
2021,4,경북,문경,문경,267,210,1272
2021,4,경북,안동,안동,107,156,687
2021,4,경북,영주,영주,46,36,1261
2021,4,경북,영천,영천,141,120,1171
2021,4,경북,의성,의성,645,793,814
2021,4,광주,광주서구,광주,318,374,852
2021,4,대구,달성,대구,325,428,758
2021,4,대구,대구중구,대구,74,98,761
2021,4,부산,연제,부산,143,183,785
2021,4,전남,고흥,고흥,6366,8303,767
2021,4,전남,나주,광주,97,112,863
2021,4,전남,무안,목포,7885,9727,811
2021,4,전남,신안,목포,377,540,697
2021,4,전남,여수,여수,1321,1775,744
2021,4,전남,영암,강진군,125,97,1292
2021,4,전남,장흥,장흥,415,628,661
2021,4,전남,함평,영광,1776,1855,958
2021,4,전남,해남,해남,171,281,608
2021,4,전북,고창,고창,237,251,945
2021,4,전북,부안,부안,139,156,892
2021,4,전북,완주,전주,178,172,1037
2021,4,전북,익산,군산,204,250,815
2021,4,제주,서귀포,서귀포,1553,1544,1006
2021,4,제주,제주,제주,11662,11917,979
2021,4,충남,논산,부여,33,41,809
2021,4,충남,서산,서산,50,44,1144
2021,5,경기,구리,서울,713,1339,532
2021,5,경남,거창,거창,11,23,464
2021,5,경남,밀양,밀양,764,1393,548
2021,5,경남,의령,의령군,279,530,527
2021,5,경남,창녕,밀양,1869,3459,540
2021,5,경남,창원의창,북창원,477,843,566
2021,5,경남,함양,산청,713,1181,603
2021,5,경남,합천,합천,707,1213,583
2021,5,경북,경산,대구,75,143,522
2021,5,경북,고령,합천,1312,2426,541
2021,5,경북,구미,구미,74,133,561
2021,5,경북,군위,의성,617,1163,531
2021,5,경북,김천,추풍령,100,187,533
2021,5,경북,문경,문경,414,672,615
2021,5,경북,안동,안동,277,527,526
2021,5,경북,영주,영주,58,78,737
2021,5,경북,영천,영천,77,121,637
2021,5,경북,의성,의성,347,623,557
2021,5,광주,광주서구,광주,189,338,560
2021,5,대구,달성,대구,454,859,528
2021,5,대구,대구중구,대구,70,129,542
2021,5,부산,연제,부산,169,318,530
2021,5,전남,고흥,고흥,799,1377,580
2021,5,전남,나주,광주,64,132,487
2021,5,전남,무안,목포,15669,28955,541
2021,5,전남,신안,목포,426,836,510
2021,5,전남,여수,여수,328,653,502
2021,5,전남,영암,강진군,55,97,575
2021,5,전남,장흥,장흥,687,1284,535
2021,5,전남,함평,영광,1664,3126,532
2021,5,전남,해남,해남,638,1303,490
2021,5,전북,고창,고창,18,28,624
2021,5,전북,부안,부안,51,91,563
2021,5,전북,완주,전주,476,832,573
2021,5,전북,익산,군산,157,253,623
2021,5,제주,서귀포,서귀포,5,10,530
2021,5,제주,제주,제주,150,269,556
2021,5,충남,논산,부여,23,49,473
2021,5,충남,서산,서산,199,378,526
2021,6,경기,구리,서울,621,1075,578
2021,6,경남,거창,거창,9,17,544
2021,6,경남,밀양,밀양,267,528,505
2021,6,경남,의령,의령군,526,1015,518
2021,6,경남,창녕,밀양,1450,2896,501
2021,6,경남,창원의창,북창원,305,636,480
2021,6,경남,함양,산청,937,1523,615
2021,6,경남,합천,합천,1099,2000,549
2021,6,경북,경산,대구,118,224,529
2021,6,경북,고령,합천,1923,3402,565
2021,6,경북,구미,구미,319,624,511
2021,6,경북,군위,의성,392,793,494
2021,6,경북,김천,추풍령,560,949,590
2021,6,경북,문경,문경,602,886,679
2021,6,경북,안동,안동,164,332,495
2021,6,경북,영주,영주,412,607,679
2021,6,경북,영천,영천,469,768,610
2021,6,경북,의성,의성,188,445,423
2021,6,광주,광주서구,광주,359,623,576
2021,6,대구,달성,대구,454,867,524
2021,6,대구,대구중구,대구,109,225,485
2021,6,부산,연제,부산,198,618,321
2021,6,전남,고흥,고흥,214,424,505
2021,6,전남,나주,광주,80,160,501
2021,6,전남,무안,목포,10942,18670,586
2021,6,전남,신안,목포,429,741,578
2021,6,전남,여수,여수,42,102,417
2021,6,전남,영암,강진군,49,76,642
2021,6,전남,장흥,장흥,214,434,492
2021,6,전남,함평,영광,1378,2450,562
2021,6,전남,해남,해남,683,1380,495
2021,6,전북,고창,고창,37,93,403
2021,6,전북,부안,부안,107,204,524
2021,6,전북,완주,전주,429,768,558
2021,6,전북,익산,군산,201,384,524
2021,6,제주,제주,제주,110,213,516
2021,6,충남,논산,부여,140,252,554
2021,6,충남,서산,서산,596,989,603
2021,7,경기,구리,서울,382,674,567
2021,7,경남,거창,거창,7,22,325
2021,7,경남,밀양,밀양,178,370,481
2021,7,경남,의령,의령군,254,499,508
2021,7,경남,창녕,밀양,1151,2134,539
2021,7,경남,창원의창,북창원,209,439,477
2021,7,경남,함양,산청,596,762,782
2021,7,경남,합천,합천,1538,2558,601
2021,7,경북,경산,대구,28,51,550
2021,7,경북,고령,합천,846,1461,579
2021,7,경북,구미,구미,145,234,618
2021,7,경북,군위,의성,124,220,566
2021,7,경북,김천,추풍령,298,455,655
2021,7,경북,문경,문경,383,504,760
2021,7,경북,안동,안동,286,419,682
2021,7,경북,영주,영주,541,994,544
2021,7,경북,영천,영천,210,358,586
2021,7,경북,의성,의성,121,218,552
2021,7,광주,광주서구,광주,51,104,495
2021,7,대구,달성,대구,188,374,504
2021,7,대구,대구중구,대구,57,100,566
2021,7,부산,연제,부산,66,104,640
2021,7,전남,고흥,고흥,20,40,500
2021,7,전남,나주,광주,31,61,501
2021,7,전남,무안,목포,5442,8591,634
2021,7,전남,신안,목포,345,503,687
2021,7,전남,여수,여수,0,1,545
2021,7,전남,영암,강진군,52,84,618
2021,7,전남,장흥,장흥,26,50,518
2021,7,전남,함평,영광,1525,2173,702
2021,7,전남,해남,해남,273,473,577
2021,7,전북,고창,고창,31,58,537
2021,7,전북,부안,부안,271,464,584
2021,7,전북,완주,전주,725,1115,650
2021,7,전북,익산,군산,97,186,523
2021,7,제주,제주,제주,18,61,301
2021,7,충남,논산,부여,56,110,510
2021,7,충남,서산,서산,180,341,527
2021,8,경기,구리,서울,817,1008,811
2021,8,경남,거창,거창,128,152,841
2021,8,경남,밀양,밀양,117,244,480
2021,8,경남,의령,의령군,311,416,747
2021,8,경남,창녕,밀양,1841,2729,675
2021,8,경남,창원의창,북창원,174,248,702
2021,8,경남,함양,산청,1088,1365,797
2021,8,경남,합천,합천,1912,2625,728
2021,8,경북,경산,대구,76,129,587
2021,8,경북,고령,합천,935,1222,765
2021,8,경북,구미,구미,74,131,561
2021,8,경북,군위,의성,216,322,672
2021,8,경북,김천,추풍령,563,766,734
2021,8,경북,문경,문경,653,702,931
2021,8,경북,안동,안동,218,298,732
2021,8,경북,영주,영주,318,515,618
2021,8,경북,영천,영천,372,515,723
2021,8,경북,의성,의성,366,519,706
2021,8,광주,광주서구,광주,38,58,654
2021,8,대구,달성,대구,285,411,693
2021,8,대구,대구중구,대구,139,206,676
2021,8,부산,연제,부산,62,86,721
2021,8,전남,고흥,고흥,15,24,637
2021,8,전남,나주,광주,165,232,711
2021,8,전남,무안,목포,10002,11907,840
2021,8,전남,신안,목포,719,862,835
2021,8,전남,영암,강진군,27,32,846
2021,8,전남,장흥,장흥,14,20,711
2021,8,전남,함평,영광,2537,2944,861
2021,8,전남,해남,해남,362,462,783
2021,8,전북,고창,고창,10,13,805
2021,8,전북,부안,부안,376,458,822
2021,8,전북,완주,전주,621,765,812
2021,8,전북,익산,군산,92,142,649
2021,8,제주,제주,제주,5,17,284
2021,8,충남,논산,부여,12,20,583
2021,8,충남,서산,서산,81,122,663
2021,9,경기,구리,서울,690,817,845
2021,9,경남,거창,거창,101,97,1046
2021,9,경남,밀양,밀양,33,51,641
2021,9,경남,의령,의령군,221,258,857
2021,9,경남,창녕,밀양,1579,1930,818
2021,9,경남,창원의창,북창원,205,253,810
2021,9,경남,함양,산청,861,1008,854
2021,9,경남,합천,합천,1133,1362,832
2021,9,경북,경산,대구,71,89,796
2021,9,경북,고령,합천,629,728,864
2021,9,경북,구미,구미,152,203,746
2021,9,경북,군위,의성,117,157,741
2021,9,경북,김천,추풍령,436,544,802
2021,9,경북,문경,문경,535,559,957
2021,9,경북,안동,안동,69,92,747
2021,9,경북,영주,영주,171,199,859
2021,9,경북,영천,영천,680,825,823
2021,9,경북,의성,의성,348,427,816
2021,9,광주,광주서구,광주,51,69,744
2021,9,대구,달성,대구,191,266,720
2021,9,대구,대구중구,대구,125,162,771
2021,9,부산,연제,부산,125,143,872
2021,9,전남,고흥,고흥,6,8,763
2021,9,전남,나주,광주,130,165,783
2021,9,전남,무안,목포,8038,9062,887
2021,9,전남,신안,목포,594,682,870
2021,9,전남,여수,여수,4,11,400
2021,9,전남,영암,강진군,150,169,887
2021,9,전남,장흥,장흥,5,6,803
2021,9,전남,함평,영광,2727,3055,893
2021,9,전남,해남,해남,563,614,917
2021,9,전북,고창,고창,28,32,869
2021,9,전북,부안,부안,658,741,888
2021,9,전북,완주,전주,349,417,836
2021,9,전북,익산,군산,106,139,763
2021,9,충남,논산,부여,11,16,692
2021,9,충남,서산,서산,25,46,546
2021,10,경기,구리,서울,229,262,874
2021,10,경남,거창,거창,11,13,859
2021,10,경남,밀양,밀양,69,96,715
2021,10,경남,의령,의령군,55,71,771
2021,10,경남,창녕,밀양,534,680,786
2021,10,경남,창원의창,북창원,44,58,764
2021,10,경남,함양,산청,140,170,821
2021,10,경남,합천,합천,347,439,789
2021,10,경북,경산,대구,16,21,789
2021,10,경북,고령,합천,139,166,835
2021,10,경북,구미,구미,65,90,718
2021,10,경북,군위,의성,44,53,837
2021,10,경북,김천,추풍령,62,68,922
2021,10,경북,문경,문경,204,210,971
2021,10,경북,안동,안동,27,37,734
2021,10,경북,영주,영주,51,59,850
2021,10,경북,영천,영천,127,161,785
2021,10,경북,의성,의성,149,186,803
2021,10,광주,광주서구,광주,8,11,713
2021,10,대구,달성,대구,56,76,738
2021,10,대구,대구중구,대구,79,101,777
2021,10,부산,연제,부산,18,19,942
2021,10,전남,고흥,고흥,6,8,763
2021,10,전남,나주,광주,32,41,800
2021,10,전남,무안,목포,2594,3007,863
2021,10,전남,신안,목포,173,199,871
2021,10,전남,영암,강진군,4,3,1184
2021,10,전남,장흥,장흥,0,0,342
2021,10,전남,함평,영광,985,1104,893
2021,10,전남,해남,해남,68,76,901
2021,10,전북,고창,고창,20,25,808
2021,10,전북,부안,부안,229,274,836
2021,10,전북,완주,전주,117,142,825
2021,10,전북,익산,군산,23,32,717
2021,10,충남,논산,부여,2,3,739
2021,10,충남,서산,서산,1,1,1065
