,city,kind,market,corp,wide,year,month,area,ratio,amount,inn,out,AT_1,AT_7,AT_10,AT_12,HT_7,HT_10,LT_2,RAIN_3,RAIN_6,RAIN_7,RAIN_8,RAIN_10,SUN_1,SUN_2,SUN_4,SUN_5,SUN_7,SUN_10,SUN_11
0,0,4,5,23,1,21,12,38.1726605990987,75.0883759617384,60.744628330899296,2.0312392041448333,0.0069213084461538414,-0.4,23.7,14.4,1.7,28.6,21.4,-4.2,36.0,147.5,226.7,92.3,167.1,230.6,189.4,178.3,240.8,136.8,179.3,164.1
1,0,4,5,23,1,21,11,38.1726605990987,75.0883759617384,60.744628330899296,8.799043710838209,7.436067635217069,-0.4,23.7,14.4,1.7,28.6,21.4,-4.2,36.0,147.5,226.7,92.3,167.1,230.6,189.4,178.3,240.8,136.8,179.3,164.1
2,0,4,5,23,1,21,10,38.1726605990987,75.0883759617384,60.744628330899296,3.0610384970842595,28.523537890297362,-0.4,23.7,14.4,1.7,28.6,21.4,-4.2,36.0,147.5,226.7,92.3,167.1,230.6,189.4,178.3,240.8,136.8,179.3,164.1
3,0,4,5,23,1,22,8,24.874083237607138,87.8353087960075,42.567564080731145,11.137266869526398,2.89642915854646,1.9,22.1,12.6,-0.3,26.1,20.8,-3.1,28.3,181.4,591.6,467.0,11.9,160.7,203.2,277.0,244.2,92.5,227.1,199.4
4,0,4,5,23,1,22,7,24.874083237607138,87.8353087960075,42.567564080731145,4.866818398030924,16.662644352240946,1.9,22.1,12.6,-0.3,26.1,20.8,-3.1,28.3,181.4,591.6,467.0,11.9,160.7,203.2,277.0,244.2,92.5,227.1,199.4
5,0,4,5,23,1,22,6,24.874083237607138,87.8353087960075,42.567564080731145,3.5838054418148455,6.793541092237841,1.9,22.1,12.6,-0.3,26.1,20.8,-3.1,28.3,181.4,591.6,467.0,11.9,160.7,203.2,277.0,244.2,92.5,227.1,199.4
6,0,4,5,23,1,22,5,24.874083237607138,87.8353087960075,42.567564080731145,3.2813712501211545,0.2622459903666843,1.9,22.1,12.6,-0.3,26.1,20.8,-3.1,28.3,181.4,591.6,467.0,11.9,160.7,203.2,277.0,244.2,92.5,227.1,199.4
7,0,4,5,23,1,22,4,24.874083237607138,87.8353087960075,42.567564080731145,12.241217616568814,0.022864184453156487,1.9,22.1,12.6,-0.3,26.1,20.8,-3.1,28.3,181.4,591.6,467.0,11.9,160.7,203.2,277.0,244.2,92.5,227.1,199.4
8,0,4,5,23,1,22,3,24.874083237607138,87.8353087960075,42.567564080731145,13.105559620628842,0.007398640063129969,1.9,22.1,12.6,-0.3,26.1,20.8,-3.1,28.3,181.4,591.6,467.0,11.9,160.7,203.2,277.0,244.2,92.5,227.1,199.4
9,0,4,5,23,1,22,2,24.874083237607138,87.8353087960075,42.567564080731145,4.845444999679543,0.0953708570718302,1.9,22.1,12.6,-0.3,26.1,20.8,-3.1,28.3,181.4,591.6,467.0,11.9,160.7,203.2,277.0,244.2,92.5,227.1,199.4
10,0,4,5,23,1,22,1,24.874083237607138,87.8353087960075,42.567564080731145,7.028363132868284,0.01694527240265251,1.9,22.1,12.6,-0.3,26.1,20.8,-3.1,28.3,181.4,591.6,467.0,11.9,160.7,203.2,277.0,244.2,92.5,227.1,199.4
11,1,4,5,34,2,21,12,29.150835026950602,60.55312954876274,42.421177389362796,2.0312392041448333,0.0069213084461538414,1.7,25.8,16.8,3.5,30.0,22.0,-0.9,20.7,160.8,139.4,141.9,155.2,228.9,193.9,188.1,295.6,156.3,199.2,185.2
12,1,4,5,34,2,21,11,29.150835026950602,60.55312954876274,42.421177389362796,8.799043710838209,7.436067635217069,1.7,25.8,16.8,3.5,30.0,22.0,-0.9,20.7,160.8,139.4,141.9,155.2,228.9,193.9,188.1,295.6,156.3,199.2,185.2
13,1,4,5,34,2,21,10,29.150835026950602,60.55312954876274,42.421177389362796,3.0610384970842595,28.523537890297362,1.7,25.8,16.8,3.5,30.0,22.0,-0.9,20.7,160.8,139.4,141.9,155.2,228.9,193.9,188.1,295.6,156.3,199.2,185.2
14,1,4,5,34,2,22,8,20.809401784925335,73.59118319817009,32.83603142411373,11.137266869526398,2.89642915854646,3.8,23.2,15.4,1.6,26.8,21.3,0.2,24.5,185.3,330.5,322.7,13.1,151.4,205.4,273.7,241.7,96.7,223.0,198.5
15,1,4,5,34,2,22,7,20.809401784925335,73.59118319817009,32.83603142411373,4.866818398030924,16.662644352240946,3.8,23.2,15.4,1.6,26.8,21.3,0.2,24.5,185.3,330.5,322.7,13.1,151.4,205.4,273.7,241.7,96.7,223.0,198.5
16,1,4,5,34,2,22,6,20.809401784925335,73.59118319817009,32.83603142411373,3.5838054418148455,6.793541092237841,3.8,23.2,15.4,1.6,26.8,21.3,0.2,24.5,185.3,330.5,322.7,13.1,151.4,205.4,273.7,241.7,96.7,223.0,198.5
17,1,4,5,34,2,22,5,20.809401784925335,73.59118319817009,32.83603142411373,3.2813712501211545,0.2622459903666843,3.8,23.2,15.4,1.6,26.8,21.3,0.2,24.5,185.3,330.5,322.7,13.1,151.4,205.4,273.7,241.7,96.7,223.0,198.5
18,1,4,5,34,2,22,4,20.809401784925335,73.59118319817009,32.83603142411373,12.241217616568814,0.022864184453156487,3.8,23.2,15.4,1.6,26.8,21.3,0.2,24.5,185.3,330.5,322.7,13.1,151.4,205.4,273.7,241.7,96.7,223.0,198.5
19,1,4,5,34,2,22,3,20.809401784925335,73.59118319817009,32.83603142411373,13.105559620628842,0.007398640063129969,3.8,23.2,15.4,1.6,26.8,21.3,0.2,24.5,185.3,330.5,322.7,13.1,151.4,205.4,273.7,241.7,96.7,223.0,198.5
20,1,4,5,34,2,22,2,20.809401784925335,73.59118319817009,32.83603142411373,4.845444999679543,0.0953708570718302,3.8,23.2,15.4,1.6,26.8,21.3,0.2,24.5,185.3,330.5,322.7,13.1,151.4,205.4,273.7,241.7,96.7,223.0,198.5
21,1,4,5,34,2,22,1,20.809401784925335,73.59118319817009,32.83603142411373,7.028363132868284,0.01694527240265251,3.8,23.2,15.4,1.6,26.8,21.3,0.2,24.5,185.3,330.5,322.7,13.1,151.4,205.4,273.7,241.7,96.7,223.0,198.5
22,2,4,5,23,2,21,12,29.150835026950602,60.55312954876274,42.421177389362796,2.0312392041448333,0.0069213084461538414,0.3,25.0,15.5,2.7,30.1,22.4,-3.1,36.6,208.6,252.4,101.8,264.1,216.0,194.4,193.7,301.8,167.4,204.8,167.5
23,2,4,5,23,2,21,11,29.150835026950602,60.55312954876274,42.421177389362796,8.799043710838209,7.436067635217069,0.3,25.0,15.5,2.7,30.1,22.4,-3.1,36.6,208.6,252.4,101.8,264.1,216.0,194.4,193.7,301.8,167.4,204.8,167.5
24,2,4,5,23,2,21,10,29.150835026950602,60.55312954876274,42.421177389362796,3.0610384970842595,28.523537890297362,0.3,25.0,15.5,2.7,30.1,22.4,-3.1,36.6,208.6,252.4,101.8,264.1,216.0,194.4,193.7,301.8,167.4,204.8,167.5
25,2,4,5,23,2,22,8,20.809401784925335,73.59118319817009,32.83603142411373,11.137266869526398,2.89642915854646,2.6,22.7,13.8,0.7,26.5,21.4,-1.5,29.7,186.8,573.2,466.2,16.3,89.0,192.4,270.7,212.2,83.0,214.0,175.5
26,2,4,5,23,2,22,7,20.809401784925335,73.59118319817009,32.83603142411373,4.866818398030924,16.662644352240946,2.6,22.7,13.8,0.7,26.5,21.4,-1.5,29.7,186.8,573.2,466.2,16.3,89.0,192.4,270.7,212.2,83.0,214.0,175.5
27,2,4,5,23,2,22,6,20.809401784925335,73.59118319817009,32.83603142411373,3.5838054418148455,6.793541092237841,2.6,22.7,13.8,0.7,26.5,21.4,-1.5,29.7,186.8,573.2,466.2,16.3,89.0,192.4,270.7,212.2,83.0,214.0,175.5
28,2,4,5,23,2,22,5,20.809401784925335,73.59118319817009,32.83603142411373,3.2813712501211545,0.2622459903666843,2.6,22.7,13.8,0.7,26.5,21.4,-1.5,29.7,186.8,573.2,466.2,16.3,89.0,192.4,270.7,212.2,83.0,214.0,175.5
29,2,4,5,23,2,22,4,20.809401784925335,73.59118319817009,32.83603142411373,12.241217616568814,0.022864184453156487,2.6,22.7,13.8,0.7,26.5,21.4,-1.5,29.7,186.8,573.2,466.2,16.3,89.0,192.4,270.7,212.2,83.0,214.0,175.5
30,2,4,5,23,2,22,3,20.809401784925335,73.59118319817009,32.83603142411373,13.105559620628842,0.007398640063129969,2.6,22.7,13.8,0.7,26.5,21.4,-1.5,29.7,186.8,573.2,466.2,16.3,89.0,192.4,270.7,212.2,83.0,214.0,175.5
31,2,4,5,23,2,22,2,20.809401784925335,73.59118319817009,32.83603142411373,4.845444999679543,0.0953708570718302,2.6,22.7,13.8,0.7,26.5,21.4,-1.5,29.7,186.8,573.2,466.2,16.3,89.0,192.4,270.7,212.2,83.0,214.0,175.5
32,2,4,5,23,2,22,1,20.809401784925335,73.59118319817009,32.83603142411373,7.028363132868284,0.01694527240265251,2.6,22.7,13.8,0.7,26.5,21.4,-1.5,29.7,186.8,573.2,466.2,16.3,89.0,192.4,270.7,212.2,83.0,214.0,175.5
33,3,4,10,75,7,21,12,20.880091897145885,70.65918070284883,32.37984164090708,2.0312392041448333,0.0069213084461538414,0.4,24.8,15.7,4.0,29.1,21.5,-2.8,17.4,72.2,142.9,238.8,119.8,194.9,161.1,181.2,288.8,165.0,211.0,179.3
34,3,4,10,75,7,21,11,20.880091897145885,70.65918070284883,32.37984164090708,8.799043710838209,7.436067635217069,0.4,24.8,15.7,4.0,29.1,21.5,-2.8,17.4,72.2,142.9,238.8,119.8,194.9,161.1,181.2,288.8,165.0,211.0,179.3
35,3,4,10,75,7,21,10,20.880091897145885,70.65918070284883,32.37984164090708,3.0610384970842595,28.523537890297362,0.4,24.8,15.7,4.0,29.1,21.5,-2.8,17.4,72.2,142.9,238.8,119.8,194.9,161.1,181.2,288.8,165.0,211.0,179.3
36,3,4,10,75,7,22,8,10.00265087920827,69.39072572260343,15.404834029143167,11.137266869526398,2.89642915854646,3.3,23.0,14.0,1.1,26.7,20.5,-0.9,42.9,136.4,454.2,362.3,10.2,125.4,181.8,288.2,204.9,74.4,212.9,152.6
37,3,4,10,75,7,22,7,10.00265087920827,69.39072572260343,15.404834029143167,4.866818398030924,16.662644352240946,3.3,23.0,14.0,1.1,26.7,20.5,-0.9,42.9,136.4,454.2,362.3,10.2,125.4,181.8,288.2,204.9,74.4,212.9,152.6
38,3,4,10,75,7,22,6,10.00265087920827,69.39072572260343,15.404834029143167,3.5838054418148455,6.793541092237841,3.3,23.0,14.0,1.1,26.7,20.5,-0.9,42.9,136.4,454.2,362.3,10.2,125.4,181.8,288.2,204.9,74.4,212.9,152.6
39,3,4,10,75,7,22,5,10.00265087920827,69.39072572260343,15.404834029143167,3.2813712501211545,0.2622459903666843,3.3,23.0,14.0,1.1,26.7,20.5,-0.9,42.9,136.4,454.2,362.3,10.2,125.4,181.8,288.2,204.9,74.4,212.9,152.6
40,3,4,10,75,7,22,4,10.00265087920827,69.39072572260343,15.404834029143167,12.241217616568814,0.022864184453156487,3.3,23.0,14.0,1.1,26.7,20.5,-0.9,42.9,136.4,454.2,362.3,10.2,125.4,181.8,288.2,204.9,74.4,212.9,152.6
41,3,4,10,75,7,22,3,10.00265087920827,69.39072572260343,15.404834029143167,13.105559620628842,0.007398640063129969,3.3,23.0,14.0,1.1,26.7,20.5,-0.9,42.9,136.4,454.2,362.3,10.2,125.4,181.8,288.2,204.9,74.4,212.9,152.6
42,3,4,10,75,7,22,2,10.00265087920827,69.39072572260343,15.404834029143167,4.845444999679543,0.0953708570718302,3.3,23.0,14.0,1.1,26.7,20.5,-0.9,42.9,136.4,454.2,362.3,10.2,125.4,181.8,288.2,204.9,74.4,212.9,152.6
43,3,4,10,75,7,22,1,10.00265087920827,69.39072572260343,15.404834029143167,7.028363132868284,0.01694527240265251,3.3,23.0,14.0,1.1,26.7,20.5,-0.9,42.9,136.4,454.2,362.3,10.2,125.4,181.8,288.2,204.9,74.4,212.9,152.6
44,4,4,13,40,6,21,12,74.72828488115225,48.1181118735704,100.00000000000001,2.0312392041448333,0.0069213084461538414,2.1,24.1,16.1,3.8,27.9,21.8,-1.9,71.7,266.7,356.9,89.7,281.4,201.0,164.3,175.9,260.4,137.8,203.4,183.9
45,4,4,13,40,6,21,11,74.72828488115225,48.1181118735704,100.00000000000001,8.799043710838209,7.436067635217069,2.1,24.1,16.1,3.8,27.9,21.8,-1.9,71.7,266.7,356.9,89.7,281.4,201.0,164.3,175.9,260.4,137.8,203.4,183.9
46,4,4,13,40,6,21,10,74.72828488115225,48.1181118735704,100.00000000000001,3.0610384970842595,28.523537890297362,2.1,24.1,16.1,3.8,27.9,21.8,-1.9,71.7,266.7,356.9,89.7,281.4,201.0,164.3,175.9,260.4,137.8,203.4,183.9
47,4,4,13,40,6,22,8,50.658301670053895,69.12039925140363,77.77175717354994,11.137266869526398,2.89642915854646,4.0,22.6,15.0,2.0,26.1,21.5,-1.0,45.1,304.9,334.2,181.8,24.9,142.3,178.4,259.0,197.2,67.2,226.7,165.4
48,4,4,13,40,6,22,7,50.658301670053895,69.12039925140363,77.77175717354994,4.866818398030924,16.662644352240946,4.0,22.6,15.0,2.0,26.1,21.5,-1.0,45.1,304.9,334.2,181.8,24.9,142.3,178.4,259.0,197.2,67.2,226.7,165.4
49,4,4,13,40,6,22,6,50.658301670053895,69.12039925140363,77.77175717354994,3.5838054418148455,6.793541092237841,4.0,22.6,15.0,2.0,26.1,21.5,-1.0,45.1,304.9,334.2,181.8,24.9,142.3,178.4,259.0,197.2,67.2,226.7,165.4
50,4,4,13,40,6,22,5,50.658301670053895,69.12039925140363,77.77175717354994,3.2813712501211545,0.2622459903666843,4.0,22.6,15.0,2.0,26.1,21.5,-1.0,45.1,304.9,334.2,181.8,24.9,142.3,178.4,259.0,197.2,67.2,226.7,165.4
51,4,4,13,40,6,22,4,50.658301670053895,69.12039925140363,77.77175717354994,12.241217616568814,0.022864184453156487,4.0,22.6,15.0,2.0,26.1,21.5,-1.0,45.1,304.9,334.2,181.8,24.9,142.3,178.4,259.0,197.2,67.2,226.7,165.4
52,4,4,13,40,6,22,3,50.658301670053895,69.12039925140363,77.77175717354994,13.105559620628842,0.007398640063129969,4.0,22.6,15.0,2.0,26.1,21.5,-1.0,45.1,304.9,334.2,181.8,24.9,142.3,178.4,259.0,197.2,67.2,226.7,165.4
53,4,4,13,40,6,22,2,50.658301670053895,69.12039925140363,77.77175717354994,4.845444999679543,0.0953708570718302,4.0,22.6,15.0,2.0,26.1,21.5,-1.0,45.1,304.9,334.2,181.8,24.9,142.3,178.4,259.0,197.2,67.2,226.7,165.4
54,4,4,13,40,6,22,1,50.658301670053895,69.12039925140363,77.77175717354994,7.028363132868284,0.01694527240265251,4.0,22.6,15.0,2.0,26.1,21.5,-1.0,45.1,304.9,334.2,181.8,24.9,142.3,178.4,259.0,197.2,67.2,226.7,165.4
55,6,0,3,7,0,21,12,4.267915525315896,41.297567061759196,5.446238584504341,2.0312392041448333,0.0069213084461538414,-0.9,25.9,16.4,1.4,30.1,21.8,-3.2,26.8,74.0,194.4,190.5,55.5,215.0,190.5,221.6,314.0,150.1,236.5,203.2
56,6,0,3,7,0,21,11,4.267915525315896,41.297567061759196,5.446238584504341,8.799043710838209,7.436067635217069,-0.9,25.9,16.4,1.4,30.1,21.8,-3.2,26.8,74.0,194.4,190.5,55.5,215.0,190.5,221.6,314.0,150.1,236.5,203.2
57,6,0,3,7,0,21,10,4.267915525315896,41.297567061759196,5.446238584504341,3.0610384970842595,28.523537890297362,-0.9,25.9,16.4,1.4,30.1,21.8,-3.2,26.8,74.0,194.4,190.5,55.5,215.0,190.5,221.6,314.0,150.1,236.5,203.2
58,6,0,3,7,0,22,8,2.9601484492356627,28.7585776668746,3.423831615740956,11.137266869526398,2.89642915854646,1.6,24.1,14.3,-0.3,28.0,19.5,-1.3,16.3,139.6,270.4,675.7,0.0,177.9,185.0,283.3,177.9,119.4,227.1,171.5
59,6,0,3,7,0,22,7,2.9601484492356627,28.7585776668746,3.423831615740956,4.866818398030924,16.662644352240946,1.6,24.1,14.3,-0.3,28.0,19.5,-1.3,16.3,139.6,270.4,675.7,0.0,177.9,185.0,283.3,177.9,119.4,227.1,171.5
60,6,0,3,7,0,22,6,2.9601484492356627,28.7585776668746,3.423831615740956,3.5838054418148455,6.793541092237841,1.6,24.1,14.3,-0.3,28.0,19.5,-1.3,16.3,139.6,270.4,675.7,0.0,177.9,185.0,283.3,177.9,119.4,227.1,171.5
61,6,0,3,7,0,22,5,2.9601484492356627,28.7585776668746,3.423831615740956,3.2813712501211545,0.2622459903666843,1.6,24.1,14.3,-0.3,28.0,19.5,-1.3,16.3,139.6,270.4,675.7,0.0,177.9,185.0,283.3,177.9,119.4,227.1,171.5
62,6,0,3,7,0,22,4,2.9601484492356627,28.7585776668746,3.423831615740956,12.241217616568814,0.022864184453156487,1.6,24.1,14.3,-0.3,28.0,19.5,-1.3,16.3,139.6,270.4,675.7,0.0,177.9,185.0,283.3,177.9,119.4,227.1,171.5
63,6,0,3,7,0,22,3,2.9601484492356627,28.7585776668746,3.423831615740956,13.105559620628842,0.007398640063129969,1.6,24.1,14.3,-0.3,28.0,19.5,-1.3,16.3,139.6,270.4,675.7,0.0,177.9,185.0,283.3,177.9,119.4,227.1,171.5
64,6,0,3,7,0,22,2,2.9601484492356627,28.7585776668746,3.423831615740956,4.845444999679543,0.0953708570718302,1.6,24.1,14.3,-0.3,28.0,19.5,-1.3,16.3,139.6,270.4,675.7,0.0,177.9,185.0,283.3,177.9,119.4,227.1,171.5
65,6,0,3,7,0,22,1,2.9601484492356627,28.7585776668746,3.423831615740956,7.028363132868284,0.01694527240265251,1.6,24.1,14.3,-0.3,28.0,19.5,-1.3,16.3,139.6,270.4,675.7,0.0,177.9,185.0,283.3,177.9,119.4,227.1,171.5
66,7,4,4,8,2,21,12,29.150835026950602,60.55312954876274,42.421177389362796,2.0312392041448333,0.0069213084461538414,1.0,25.2,15.7,2.6,29.7,21.5,-1.5,21.4,113.2,174.1,146.9,227.5,186.8,178.2,194.3,292.0,163.4,174.2,158.4
67,7,4,4,8,2,21,11,29.150835026950602,60.55312954876274,42.421177389362796,8.799043710838209,7.436067635217069,1.0,25.2,15.7,2.6,29.7,21.5,-1.5,21.4,113.2,174.1,146.9,227.5,186.8,178.2,194.3,292.0,163.4,174.2,158.4
68,7,4,4,8,2,21,10,29.150835026950602,60.55312954876274,42.421177389362796,3.0610384970842595,28.523537890297362,1.0,25.2,15.7,2.6,29.7,21.5,-1.5,21.4,113.2,174.1,146.9,227.5,186.8,178.2,194.3,292.0,163.4,174.2,158.4
69,7,4,4,8,2,22,8,20.809401784925335,73.59118319817009,32.83603142411373,11.137266869526398,2.89642915854646,3.3,23.0,14.3,0.9,27.0,21.0,-0.7,19.9,198.1,434.0,401.0,6.0,133.4,176.0,269.4,241.5,96.2,206.8,167.1
70,7,4,4,8,2,22,7,20.809401784925335,73.59118319817009,32.83603142411373,4.866818398030924,16.662644352240946,3.3,23.0,14.3,0.9,27.0,21.0,-0.7,19.9,198.1,434.0,401.0,6.0,133.4,176.0,269.4,241.5,96.2,206.8,167.1
71,7,4,4,8,2,22,6,20.809401784925335,73.59118319817009,32.83603142411373,3.5838054418148455,6.793541092237841,3.3,23.0,14.3,0.9,27.0,21.0,-0.7,19.9,198.1,434.0,401.0,6.0,133.4,176.0,269.4,241.5,96.2,206.8,167.1
72,7,4,4,8,2,22,5,20.809401784925335,73.59118319817009,32.83603142411373,3.2813712501211545,0.2622459903666843,3.3,23.0,14.3,0.9,27.0,21.0,-0.7,19.9,198.1,434.0,401.0,6.0,133.4,176.0,269.4,241.5,96.2,206.8,167.1
73,7,4,4,8,2,22,4,20.809401784925335,73.59118319817009,32.83603142411373,12.241217616568814,0.022864184453156487,3.3,23.0,14.3,0.9,27.0,21.0,-0.7,19.9,198.1,434.0,401.0,6.0,133.4,176.0,269.4,241.5,96.2,206.8,167.1
74,7,4,4,8,2,22,3,20.809401784925335,73.59118319817009,32.83603142411373,13.105559620628842,0.007398640063129969,3.3,23.0,14.3,0.9,27.0,21.0,-0.7,19.9,198.1,434.0,401.0,6.0,133.4,176.0,269.4,241.5,96.2,206.8,167.1
75,7,4,4,8,2,22,2,20.809401784925335,73.59118319817009,32.83603142411373,4.845444999679543,0.0953708570718302,3.3,23.0,14.3,0.9,27.0,21.0,-0.7,19.9,198.1,434.0,401.0,6.0,133.4,176.0,269.4,241.5,96.2,206.8,167.1
76,7,4,4,8,2,22,1,20.809401784925335,73.59118319817009,32.83603142411373,7.028363132868284,0.01694527240265251,3.3,23.0,14.3,0.9,27.0,21.0,-0.7,19.9,198.1,434.0,401.0,6.0,133.4,176.0,269.4,241.5,96.2,206.8,167.1
77,9,4,5,23,2,21,12,29.150835026950602,60.55312954876274,42.421177389362796,2.0312392041448333,0.0069213084461538414,-0.6,23.6,14.2,1.0,27.9,19.6,-4.2,33.5,116.5,185.4,218.1,179.4,215.1,207.7,214.7,312.1,185.7,221.0,121.7
78,9,4,5,23,2,21,11,29.150835026950602,60.55312954876274,42.421177389362796,8.799043710838209,7.436067635217069,-0.6,23.6,14.2,1.0,27.9,19.6,-4.2,33.5,116.5,185.4,218.1,179.4,215.1,207.7,214.7,312.1,185.7,221.0,121.7
79,9,4,5,23,2,21,10,29.150835026950602,60.55312954876274,42.421177389362796,3.0610384970842595,28.523537890297362,-0.6,23.6,14.2,1.0,27.9,19.6,-4.2,33.5,116.5,185.4,218.1,179.4,215.1,207.7,214.7,312.1,185.7,221.0,121.7
80,9,4,5,23,2,22,8,20.809401784925335,73.59118319817009,32.83603142411373,11.137266869526398,2.89642915854646,1.4,21.4,12.4,-0.8,24.9,18.6,-2.8,21.0,182.8,499.3,333.5,5.0,122.0,178.2,264.3,218.0,73.5,224.0,168.1
81,9,4,5,23,2,22,7,20.809401784925335,73.59118319817009,32.83603142411373,4.866818398030924,16.662644352240946,1.4,21.4,12.4,-0.8,24.9,18.6,-2.8,21.0,182.8,499.3,333.5,5.0,122.0,178.2,264.3,218.0,73.5,224.0,168.1
82,9,4,5,23,2,22,6,20.809401784925335,73.59118319817009,32.83603142411373,3.5838054418148455,6.793541092237841,1.4,21.4,12.4,-0.8,24.9,18.6,-2.8,21.0,182.8,499.3,333.5,5.0,122.0,178.2,264.3,218.0,73.5,224.0,168.1
83,9,4,5,23,2,22,5,20.809401784925335,73.59118319817009,32.83603142411373,3.2813712501211545,0.2622459903666843,1.4,21.4,12.4,-0.8,24.9,18.6,-2.8,21.0,182.8,499.3,333.5,5.0,122.0,178.2,264.3,218.0,73.5,224.0,168.1
84,9,4,5,23,2,22,4,20.809401784925335,73.59118319817009,32.83603142411373,12.241217616568814,0.022864184453156487,1.4,21.4,12.4,-0.8,24.9,18.6,-2.8,21.0,182.8,499.3,333.5,5.0,122.0,178.2,264.3,218.0,73.5,224.0,168.1
85,9,4,5,23,2,22,3,20.809401784925335,73.59118319817009,32.83603142411373,13.105559620628842,0.007398640063129969,1.4,21.4,12.4,-0.8,24.9,18.6,-2.8,21.0,182.8,499.3,333.5,5.0,122.0,178.2,264.3,218.0,73.5,224.0,168.1
86,9,4,5,23,2,22,2,20.809401784925335,73.59118319817009,32.83603142411373,4.845444999679543,0.0953708570718302,1.4,21.4,12.4,-0.8,24.9,18.6,-2.8,21.0,182.8,499.3,333.5,5.0,122.0,178.2,264.3,218.0,73.5,224.0,168.1
87,9,4,5,23,2,22,1,20.809401784925335,73.59118319817009,32.83603142411373,7.028363132868284,0.01694527240265251,1.4,21.4,12.4,-0.8,24.9,18.6,-2.8,21.0,182.8,499.3,333.5,5.0,122.0,178.2,264.3,218.0,73.5,224.0,168.1
88,10,0,2,6,6,21,12,74.72828488115225,48.1181118735704,100.00000000000001,2.0312392041448333,0.0069213084461538414,1.8,25.3,17.1,4.8,29.4,22.2,-0.7,33.9,158.0,242.2,64.8,149.9,212.7,165.6,174.0,289.3,140.5,205.7,187.5
89,10,0,2,6,6,21,11,74.72828488115225,48.1181118735704,100.00000000000001,8.799043710838209,7.436067635217069,1.8,25.3,17.1,4.8,29.4,22.2,-0.7,33.9,158.0,242.2,64.8,149.9,212.7,165.6,174.0,289.3,140.5,205.7,187.5
90,10,0,2,6,6,21,10,74.72828488115225,48.1181118735704,100.00000000000001,3.0610384970842595,28.523537890297362,1.8,25.3,17.1,4.8,29.4,22.2,-0.7,33.9,158.0,242.2,64.8,149.9,212.7,165.6,174.0,289.3,140.5,205.7,187.5
91,10,0,2,6,6,22,8,50.658301670053895,69.12039925140363,77.77175717354994,11.137266869526398,2.89642915854646,4.6,23.4,15.7,2.7,26.8,21.2,0.8,43.5,199.9,533.3,738.1,12.1,136.5,177.0,278.1,211.3,69.5,227.6,176.7
92,10,0,2,6,6,22,7,50.658301670053895,69.12039925140363,77.77175717354994,4.866818398030924,16.662644352240946,4.6,23.4,15.7,2.7,26.8,21.2,0.8,43.5,199.9,533.3,738.1,12.1,136.5,177.0,278.1,211.3,69.5,227.6,176.7
93,10,0,2,6,6,22,6,50.658301670053895,69.12039925140363,77.77175717354994,3.5838054418148455,6.793541092237841,4.6,23.4,15.7,2.7,26.8,21.2,0.8,43.5,199.9,533.3,738.1,12.1,136.5,177.0,278.1,211.3,69.5,227.6,176.7
94,10,0,2,6,6,22,5,50.658301670053895,69.12039925140363,77.77175717354994,3.2813712501211545,0.2622459903666843,4.6,23.4,15.7,2.7,26.8,21.2,0.8,43.5,199.9,533.3,738.1,12.1,136.5,177.0,278.1,211.3,69.5,227.6,176.7
95,10,0,2,6,6,22,4,50.658301670053895,69.12039925140363,77.77175717354994,12.241217616568814,0.022864184453156487,4.6,23.4,15.7,2.7,26.8,21.2,0.8,43.5,199.9,533.3,738.1,12.1,136.5,177.0,278.1,211.3,69.5,227.6,176.7
96,10,0,2,6,6,22,3,50.658301670053895,69.12039925140363,77.77175717354994,13.105559620628842,0.007398640063129969,4.6,23.4,15.7,2.7,26.8,21.2,0.8,43.5,199.9,533.3,738.1,12.1,136.5,177.0,278.1,211.3,69.5,227.6,176.7
97,10,0,2,6,6,22,2,50.658301670053895,69.12039925140363,77.77175717354994,4.845444999679543,0.0953708570718302,4.6,23.4,15.7,2.7,26.8,21.2,0.8,43.5,199.9,533.3,738.1,12.1,136.5,177.0,278.1,211.3,69.5,227.6,176.7
98,10,0,2,6,6,22,1,50.658301670053895,69.12039925140363,77.77175717354994,7.028363132868284,0.01694527240265251,4.6,23.4,15.7,2.7,26.8,21.2,0.8,43.5,199.9,533.3,738.1,12.1,136.5,177.0,278.1,211.3,69.5,227.6,176.7
99,11,4,21,26,9,21,12,8.25307060174958,19.567477646080263,8.824657642641016,2.0312392041448333,0.0069213084461538414,-1.3,25.1,15.3,2.0,29.8,21.9,-4.5,35.0,59.9,216.7,102.1,85.6,192.8,168.1,180.0,286.8,141.1,184.2,161.1
100,11,4,21,26,9,21,11,8.25307060174958,19.567477646080263,8.824657642641016,8.799043710838209,7.436067635217069,-1.3,25.1,15.3,2.0,29.8,21.9,-4.5,35.0,59.9,216.7,102.1,85.6,192.8,168.1,180.0,286.8,141.1,184.2,161.1
101,11,4,21,26,9,21,10,8.25307060174958,19.567477646080263,8.824657642641016,3.0610384970842595,28.523537890297362,-1.3,25.1,15.3,2.0,29.8,21.9,-4.5,35.0,59.9,216.7,102.1,85.6,192.8,168.1,180.0,286.8,141.1,184.2,161.1
102,11,4,21,26,9,22,8,6.035168330829725,42.85714285714286,7.7861894219703895,11.137266869526398,2.89642915854646,2.1,23.3,13.1,-0.2,27.1,20.6,-2.9,19.3,188.4,492.6,367.8,4.4,138.3,173.3,278.0,194.4,74.9,202.2,161.1
103,11,4,21,26,9,22,7,6.035168330829725,42.85714285714286,7.7861894219703895,4.866818398030924,16.662644352240946,2.1,23.3,13.1,-0.2,27.1,20.6,-2.9,19.3,188.4,492.6,367.8,4.4,138.3,173.3,278.0,194.4,74.9,202.2,161.1
104,11,4,21,26,9,22,6,6.035168330829725,42.85714285714286,7.7861894219703895,3.5838054418148455,6.793541092237841,2.1,23.3,13.1,-0.2,27.1,20.6,-2.9,19.3,188.4,492.6,367.8,4.4,138.3,173.3,278.0,194.4,74.9,202.2,161.1
105,11,4,21,26,9,22,5,6.035168330829725,42.85714285714286,7.7861894219703895,3.2813712501211545,0.2622459903666843,2.1,23.3,13.1,-0.2,27.1,20.6,-2.9,19.3,188.4,492.6,367.8,4.4,138.3,173.3,278.0,194.4,74.9,202.2,161.1
106,11,4,21,26,9,22,4,6.035168330829725,42.85714285714286,7.7861894219703895,12.241217616568814,0.022864184453156487,2.1,23.3,13.1,-0.2,27.1,20.6,-2.9,19.3,188.4,492.6,367.8,4.4,138.3,173.3,278.0,194.4,74.9,202.2,161.1
107,11,4,21,26,9,22,3,6.035168330829725,42.85714285714286,7.7861894219703895,13.105559620628842,0.007398640063129969,2.1,23.3,13.1,-0.2,27.1,20.6,-2.9,19.3,188.4,492.6,367.8,4.4,138.3,173.3,278.0,194.4,74.9,202.2,161.1
108,11,4,21,26,9,22,2,6.035168330829725,42.85714285714286,7.7861894219703895,4.845444999679543,0.0953708570718302,2.1,23.3,13.1,-0.2,27.1,20.6,-2.9,19.3,188.4,492.6,367.8,4.4,138.3,173.3,278.0,194.4,74.9,202.2,161.1
109,11,4,21,26,9,22,1,6.035168330829725,42.85714285714286,7.7861894219703895,7.028363132868284,0.01694527240265251,2.1,23.3,13.1,-0.2,27.1,20.6,-2.9,19.3,188.4,492.6,367.8,4.4,138.3,173.3,278.0,194.4,74.9,202.2,161.1
110,14,4,10,75,6,21,12,74.72828488115225,48.1181118735704,100.00000000000001,2.0312392041448333,0.0069213084461538414,2.2,24.8,17.3,4.9,28.0,21.3,0.2,38.5,172.3,167.0,144.9,159.0,192.4,150.9,182.2,291.0,171.8,213.5,185.1
111,14,4,10,75,6,21,11,74.72828488115225,48.1181118735704,100.00000000000001,8.799043710838209,7.436067635217069,2.2,24.8,17.3,4.9,28.0,21.3,0.2,38.5,172.3,167.0,144.9,159.0,192.4,150.9,182.2,291.0,171.8,213.5,185.1
112,14,4,10,75,6,21,10,74.72828488115225,48.1181118735704,100.00000000000001,3.0610384970842595,28.523537890297362,2.2,24.8,17.3,4.9,28.0,21.3,0.2,38.5,172.3,167.0,144.9,159.0,192.4,150.9,182.2,291.0,171.8,213.5,185.1
113,14,4,10,75,6,22,8,50.658301670053895,69.12039925140363,77.77175717354994,11.137266869526398,2.89642915854646,3.6,23.0,15.9,3.2,25.5,19.6,0.7,28.8,261.5,366.3,206.4,20.5,124.8,176.6,290.5,204.8,98.4,233.6,169.6
114,14,4,10,75,6,22,7,50.658301670053895,69.12039925140363,77.77175717354994,4.866818398030924,16.662644352240946,3.6,23.0,15.9,3.2,25.5,19.6,0.7,28.8,261.5,366.3,206.4,20.5,124.8,176.6,290.5,204.8,98.4,233.6,169.6
115,14,4,10,75,6,22,6,50.658301670053895,69.12039925140363,77.77175717354994,3.5838054418148455,6.793541092237841,3.6,23.0,15.9,3.2,25.5,19.6,0.7,28.8,261.5,366.3,206.4,20.5,124.8,176.6,290.5,204.8,98.4,233.6,169.6
116,14,4,10,75,6,22,5,50.658301670053895,69.12039925140363,77.77175717354994,3.2813712501211545,0.2622459903666843,3.6,23.0,15.9,3.2,25.5,19.6,0.7,28.8,261.5,366.3,206.4,20.5,124.8,176.6,290.5,204.8,98.4,233.6,169.6
117,14,4,10,75,6,22,4,50.658301670053895,69.12039925140363,77.77175717354994,12.241217616568814,0.022864184453156487,3.6,23.0,15.9,3.2,25.5,19.6,0.7,28.8,261.5,366.3,206.4,20.5,124.8,176.6,290.5,204.8,98.4,233.6,169.6
118,14,4,10,75,6,22,3,50.658301670053895,69.12039925140363,77.77175717354994,13.105559620628842,0.007398640063129969,3.6,23.0,15.9,3.2,25.5,19.6,0.7,28.8,261.5,366.3,206.4,20.5,124.8,176.6,290.5,204.8,98.4,233.6,169.6
119,14,4,10,75,6,22,2,50.658301670053895,69.12039925140363,77.77175717354994,4.845444999679543,0.0953708570718302,3.6,23.0,15.9,3.2,25.5,19.6,0.7,28.8,261.5,366.3,206.4,20.5,124.8,176.6,290.5,204.8,98.4,233.6,169.6
120,14,4,10,75,6,22,1,50.658301670053895,69.12039925140363,77.77175717354994,7.028363132868284,0.01694527240265251,3.6,23.0,15.9,3.2,25.5,19.6,0.7,28.8,261.5,366.3,206.4,20.5,124.8,176.6,290.5,204.8,98.4,233.6,169.6
121,15,4,20,52,2,21,12,29.150835026950602,60.55312954876274,42.421177389362796,2.0312392041448333,0.0069213084461538414,-0.1,24.3,14.5,1.1,29.3,21.0,-3.2,28.9,82.5,234.8,142.2,125.9,207.9,192.5,189.2,278.7,138.0,184.4,176.8
122,15,4,20,52,2,21,11,29.150835026950602,60.55312954876274,42.421177389362796,8.799043710838209,7.436067635217069,-0.1,24.3,14.5,1.1,29.3,21.0,-3.2,28.9,82.5,234.8,142.2,125.9,207.9,192.5,189.2,278.7,138.0,184.4,176.8
123,15,4,20,52,2,21,10,29.150835026950602,60.55312954876274,42.421177389362796,3.0610384970842595,28.523537890297362,-0.1,24.3,14.5,1.1,29.3,21.0,-3.2,28.9,82.5,234.8,142.2,125.9,207.9,192.5,189.2,278.7,138.0,184.4,176.8
124,15,4,20,52,2,22,8,20.809401784925335,73.59118319817009,32.83603142411373,11.137266869526398,2.89642915854646,2.0,21.9,12.8,-0.5,25.7,19.4,-2.5,15.4,175.9,595.7,454.4,1.7,130.5,178.2,265.8,219.2,103.2,222.8,170.2
125,15,4,20,52,2,22,7,20.809401784925335,73.59118319817009,32.83603142411373,4.866818398030924,16.662644352240946,2.0,21.9,12.8,-0.5,25.7,19.4,-2.5,15.4,175.9,595.7,454.4,1.7,130.5,178.2,265.8,219.2,103.2,222.8,170.2
126,15,4,20,52,2,22,6,20.809401784925335,73.59118319817009,32.83603142411373,3.5838054418148455,6.793541092237841,2.0,21.9,12.8,-0.5,25.7,19.4,-2.5,15.4,175.9,595.7,454.4,1.7,130.5,178.2,265.8,219.2,103.2,222.8,170.2
127,15,4,20,52,2,22,5,20.809401784925335,73.59118319817009,32.83603142411373,3.2813712501211545,0.2622459903666843,2.0,21.9,12.8,-0.5,25.7,19.4,-2.5,15.4,175.9,595.7,454.4,1.7,130.5,178.2,265.8,219.2,103.2,222.8,170.2
128,15,4,20,52,2,22,4,20.809401784925335,73.59118319817009,32.83603142411373,12.241217616568814,0.022864184453156487,2.0,21.9,12.8,-0.5,25.7,19.4,-2.5,15.4,175.9,595.7,454.4,1.7,130.5,178.2,265.8,219.2,103.2,222.8,170.2
129,15,4,20,52,2,22,3,20.809401784925335,73.59118319817009,32.83603142411373,13.105559620628842,0.007398640063129969,2.0,21.9,12.8,-0.5,25.7,19.4,-2.5,15.4,175.9,595.7,454.4,1.7,130.5,178.2,265.8,219.2,103.2,222.8,170.2
130,15,4,20,52,2,22,2,20.809401784925335,73.59118319817009,32.83603142411373,4.845444999679543,0.0953708570718302,2.0,21.9,12.8,-0.5,25.7,19.4,-2.5,15.4,175.9,595.7,454.4,1.7,130.5,178.2,265.8,219.2,103.2,222.8,170.2
131,15,4,20,52,2,22,1,20.809401784925335,73.59118319817009,32.83603142411373,7.028363132868284,0.01694527240265251,2.0,21.9,12.8,-0.5,25.7,19.4,-2.5,15.4,175.9,595.7,454.4,1.7,130.5,178.2,265.8,219.2,103.2,222.8,170.2
132,16,4,8,34,1,21,12,38.1726605990987,75.0883759617384,60.744628330899296,2.0312392041448333,0.0069213084461538414,1.0,25.4,16.4,3.0,29.6,22.4,-2.1,40.5,217.6,201.4,89.9,164.3,201.1,192.6,195.9,289.8,154.0,177.7,126.4
133,16,4,8,34,1,21,11,38.1726605990987,75.0883759617384,60.744628330899296,8.799043710838209,7.436067635217069,1.0,25.4,16.4,3.0,29.6,22.4,-2.1,40.5,217.6,201.4,89.9,164.3,201.1,192.6,195.9,289.8,154.0,177.7,126.4
134,16,4,8,34,1,21,10,38.1726605990987,75.0883759617384,60.744628330899296,3.0610384970842595,28.523537890297362,1.0,25.4,16.4,3.0,29.6,22.4,-2.1,40.5,217.6,201.4,89.9,164.3,201.1,192.6,195.9,289.8,154.0,177.7,126.4
135,16,4,8,34,1,22,8,24.874083237607138,87.8353087960075,42.567564080731145,11.137266869526398,2.89642915854646,3.6,23.1,14.6,1.2,27.0,21.8,-0.9,36.1,204.7,403.6,197.2,13.6,142.4,198.7,268.9,225.3,98.3,234.2,184.0
136,16,4,8,34,1,22,7,24.874083237607138,87.8353087960075,42.567564080731145,4.866818398030924,16.662644352240946,3.6,23.1,14.6,1.2,27.0,21.8,-0.9,36.1,204.7,403.6,197.2,13.6,142.4,198.7,268.9,225.3,98.3,234.2,184.0
137,16,4,8,34,1,22,6,24.874083237607138,87.8353087960075,42.567564080731145,3.5838054418148455,6.793541092237841,3.6,23.1,14.6,1.2,27.0,21.8,-0.9,36.1,204.7,403.6,197.2,13.6,142.4,198.7,268.9,225.3,98.3,234.2,184.0
138,16,4,8,34,1,22,5,24.874083237607138,87.8353087960075,42.567564080731145,3.2813712501211545,0.2622459903666843,3.6,23.1,14.6,1.2,27.0,21.8,-0.9,36.1,204.7,403.6,197.2,13.6,142.4,198.7,268.9,225.3,98.3,234.2,184.0
139,16,4,8,34,1,22,4,24.874083237607138,87.8353087960075,42.567564080731145,12.241217616568814,0.022864184453156487,3.6,23.1,14.6,1.2,27.0,21.8,-0.9,36.1,204.7,403.6,197.2,13.6,142.4,198.7,268.9,225.3,98.3,234.2,184.0
140,16,4,8,34,1,22,3,24.874083237607138,87.8353087960075,42.567564080731145,13.105559620628842,0.007398640063129969,3.6,23.1,14.6,1.2,27.0,21.8,-0.9,36.1,204.7,403.6,197.2,13.6,142.4,198.7,268.9,225.3,98.3,234.2,184.0
141,16,4,8,34,1,22,2,24.874083237607138,87.8353087960075,42.567564080731145,4.845444999679543,0.0953708570718302,3.6,23.1,14.6,1.2,27.0,21.8,-0.9,36.1,204.7,403.6,197.2,13.6,142.4,198.7,268.9,225.3,98.3,234.2,184.0
142,16,4,8,34,1,22,1,24.874083237607138,87.8353087960075,42.567564080731145,7.028363132868284,0.01694527240265251,3.6,23.1,14.6,1.2,27.0,21.8,-0.9,36.1,204.7,403.6,197.2,13.6,142.4,198.7,268.9,225.3,98.3,234.2,184.0
143,17,0,10,60,7,21,12,20.880091897145885,70.65918070284883,32.37984164090708,2.0312392041448333,0.0069213084461538414,0.4,25.3,16.1,4.0,29.8,21.6,-2.3,30.4,89.0,225.5,127.4,86.6,193.2,171.1,197.5,299.4,175.4,201.6,165.9
144,17,0,10,60,7,21,11,20.880091897145885,70.65918070284883,32.37984164090708,8.799043710838209,7.436067635217069,0.4,25.3,16.1,4.0,29.8,21.6,-2.3,30.4,89.0,225.5,127.4,86.6,193.2,171.1,197.5,299.4,175.4,201.6,165.9
145,17,0,10,60,7,21,10,20.880091897145885,70.65918070284883,32.37984164090708,3.0610384970842595,28.523537890297362,0.4,25.3,16.1,4.0,29.8,21.6,-2.3,30.4,89.0,225.5,127.4,86.6,193.2,171.1,197.5,299.4,175.4,201.6,165.9
146,17,0,10,60,7,22,8,10.00265087920827,69.39072572260343,15.404834029143167,11.137266869526398,2.89642915854646,3.3,23.1,14.5,1.8,26.5,20.5,-0.7,22.1,157.6,509.8,421.6,6.8,110.1,183.4,269.7,204.6,85.9,209.4,154.7
147,17,0,10,60,7,22,7,10.00265087920827,69.39072572260343,15.404834029143167,4.866818398030924,16.662644352240946,3.3,23.1,14.5,1.8,26.5,20.5,-0.7,22.1,157.6,509.8,421.6,6.8,110.1,183.4,269.7,204.6,85.9,209.4,154.7
148,17,0,10,60,7,22,6,10.00265087920827,69.39072572260343,15.404834029143167,3.5838054418148455,6.793541092237841,3.3,23.1,14.5,1.8,26.5,20.5,-0.7,22.1,157.6,509.8,421.6,6.8,110.1,183.4,269.7,204.6,85.9,209.4,154.7
149,17,0,10,60,7,22,5,10.00265087920827,69.39072572260343,15.404834029143167,3.2813712501211545,0.2622459903666843,3.3,23.1,14.5,1.8,26.5,20.5,-0.7,22.1,157.6,509.8,421.6,6.8,110.1,183.4,269.7,204.6,85.9,209.4,154.7
150,17,0,10,60,7,22,4,10.00265087920827,69.39072572260343,15.404834029143167,12.241217616568814,0.022864184453156487,3.3,23.1,14.5,1.8,26.5,20.5,-0.7,22.1,157.6,509.8,421.6,6.8,110.1,183.4,269.7,204.6,85.9,209.4,154.7
151,17,0,10,60,7,22,3,10.00265087920827,69.39072572260343,15.404834029143167,13.105559620628842,0.007398640063129969,3.3,23.1,14.5,1.8,26.5,20.5,-0.7,22.1,157.6,509.8,421.6,6.8,110.1,183.4,269.7,204.6,85.9,209.4,154.7
152,17,0,10,60,7,22,2,10.00265087920827,69.39072572260343,15.404834029143167,4.845444999679543,0.0953708570718302,3.3,23.1,14.5,1.8,26.5,20.5,-0.7,22.1,157.6,509.8,421.6,6.8,110.1,183.4,269.7,204.6,85.9,209.4,154.7
153,17,0,10,60,7,22,1,10.00265087920827,69.39072572260343,15.404834029143167,7.028363132868284,0.01694527240265251,3.3,23.1,14.5,1.8,26.5,20.5,-0.7,22.1,157.6,509.8,421.6,6.8,110.1,183.4,269.7,204.6,85.9,209.4,154.7
154,18,4,10,52,8,21,12,9.89661571087744,68.95404449989601,15.205638037833479,2.0312392041448333,0.0069213084461538414,7.8,24.2,20.0,10.7,26.6,23.6,6.3,64.8,189.1,452.1,317.3,150.6,175.6,144.7,200.6,257.3,115.3,238.3,189.3
155,18,4,10,52,8,21,11,9.89661571087744,68.95404449989601,15.205638037833479,8.799043710838209,7.436067635217069,7.8,24.2,20.0,10.7,26.6,23.6,6.3,64.8,189.1,452.1,317.3,150.6,175.6,144.7,200.6,257.3,115.3,238.3,189.3
156,18,4,10,52,8,22,8,8.35026950605284,63.110833853191934,12.362536704183633,11.137266869526398,2.89642915854646,9.4,23.4,18.5,8.3,25.7,22.1,6.2,132.2,406.1,322.0,159.2,39.2,127.7,176.4,265.3,196.7,112.9,217.4,175.3
157,18,4,10,52,8,22,7,8.35026950605284,63.110833853191934,12.362536704183633,4.866818398030924,16.662644352240946,9.4,23.4,18.5,8.3,25.7,22.1,6.2,132.2,406.1,322.0,159.2,39.2,127.7,176.4,265.3,196.7,112.9,217.4,175.3
158,18,4,10,52,8,22,6,8.35026950605284,63.110833853191934,12.362536704183633,3.5838054418148455,6.793541092237841,9.4,23.4,18.5,8.3,25.7,22.1,6.2,132.2,406.1,322.0,159.2,39.2,127.7,176.4,265.3,196.7,112.9,217.4,175.3
159,18,4,10,52,8,22,5,8.35026950605284,63.110833853191934,12.362536704183633,3.2813712501211545,0.2622459903666843,9.4,23.4,18.5,8.3,25.7,22.1,6.2,132.2,406.1,322.0,159.2,39.2,127.7,176.4,265.3,196.7,112.9,217.4,175.3
160,18,4,10,52,8,22,4,8.35026950605284,63.110833853191934,12.362536704183633,12.241217616568814,0.022864184453156487,9.4,23.4,18.5,8.3,25.7,22.1,6.2,132.2,406.1,322.0,159.2,39.2,127.7,176.4,265.3,196.7,112.9,217.4,175.3
161,18,4,10,52,8,22,3,8.35026950605284,63.110833853191934,12.362536704183633,13.105559620628842,0.007398640063129969,9.4,23.4,18.5,8.3,25.7,22.1,6.2,132.2,406.1,322.0,159.2,39.2,127.7,176.4,265.3,196.7,112.9,217.4,175.3
162,18,4,10,52,8,22,2,8.35026950605284,63.110833853191934,12.362536704183633,4.845444999679543,0.0953708570718302,9.4,23.4,18.5,8.3,25.7,22.1,6.2,132.2,406.1,322.0,159.2,39.2,127.7,176.4,265.3,196.7,112.9,217.4,175.3
163,18,4,10,52,8,22,1,8.35026950605284,63.110833853191934,12.362536704183633,7.028363132868284,0.01694527240265251,9.4,23.4,18.5,8.3,25.7,22.1,6.2,132.2,406.1,322.0,159.2,39.2,127.7,176.4,265.3,196.7,112.9,217.4,175.3
164,18,4,10,52,8,21,10,9.89661571087744,68.95404449989601,15.205638037833479,3.0610384970842595,28.52353789029735,7.8,24.2,20.0,10.7,26.6,23.6,6.3,64.8,189.1,452.1,317.3,150.6,175.6,144.7,200.6,257.3,115.3,238.3,189.3
165,19,4,10,60,9,21,12,8.25307060174958,19.567477646080263,8.824657642641016,2.0312392041448333,0.0069213084461538414,-1.1,24.6,15.5,2.4,28.8,21.4,-4.8,43.7,56.3,174.5,121.1,81.0,207.3,179.4,207.8,312.1,180.2,220.5,185.2
166,19,4,10,60,9,21,11,8.25307060174958,19.567477646080263,8.824657642641016,8.799043710838209,7.436067635217069,-1.1,24.6,15.5,2.4,28.8,21.4,-4.8,43.7,56.3,174.5,121.1,81.0,207.3,179.4,207.8,312.1,180.2,220.5,185.2
167,19,4,10,60,9,21,10,8.25307060174958,19.567477646080263,8.824657642641016,3.0610384970842595,28.523537890297362,-1.1,24.6,15.5,2.4,28.8,21.4,-4.8,43.7,56.3,174.5,121.1,81.0,207.3,179.4,207.8,312.1,180.2,220.5,185.2
168,19,4,10,60,9,22,8,6.035168330829725,42.85714285714286,7.7861894219703895,11.137266869526398,2.89642915854646,1.8,23.0,13.3,0.5,27.5,20.1,-2.4,23.0,144.0,329.4,400.0,12.6,161.7,196.2,300.7,215.4,129.7,240.1,169.9
169,19,4,10,60,9,22,7,6.035168330829725,42.85714285714286,7.7861894219703895,4.866818398030924,16.662644352240946,1.8,23.0,13.3,0.5,27.5,20.1,-2.4,23.0,144.0,329.4,400.0,12.6,161.7,196.2,300.7,215.4,129.7,240.1,169.9
170,19,4,10,60,9,22,6,6.035168330829725,42.85714285714286,7.7861894219703895,3.5838054418148455,6.793541092237841,1.8,23.0,13.3,0.5,27.5,20.1,-2.4,23.0,144.0,329.4,400.0,12.6,161.7,196.2,300.7,215.4,129.7,240.1,169.9
171,19,4,10,60,9,22,5,6.035168330829725,42.85714285714286,7.7861894219703895,3.2813712501211545,0.2622459903666843,1.8,23.0,13.3,0.5,27.5,20.1,-2.4,23.0,144.0,329.4,400.0,12.6,161.7,196.2,300.7,215.4,129.7,240.1,169.9
172,19,4,10,60,9,22,4,6.035168330829725,42.85714285714286,7.7861894219703895,12.241217616568814,0.022864184453156487,1.8,23.0,13.3,0.5,27.5,20.1,-2.4,23.0,144.0,329.4,400.0,12.6,161.7,196.2,300.7,215.4,129.7,240.1,169.9
173,19,4,10,60,9,22,3,6.035168330829725,42.85714285714286,7.7861894219703895,13.105559620628842,0.007398640063129969,1.8,23.0,13.3,0.5,27.5,20.1,-2.4,23.0,144.0,329.4,400.0,12.6,161.7,196.2,300.7,215.4,129.7,240.1,169.9
174,19,4,10,60,9,22,2,6.035168330829725,42.85714285714286,7.7861894219703895,4.845444999679543,0.0953708570718302,1.8,23.0,13.3,0.5,27.5,20.1,-2.4,23.0,144.0,329.4,400.0,12.6,161.7,196.2,300.7,215.4,129.7,240.1,169.9
175,19,4,10,60,9,22,1,6.035168330829725,42.85714285714286,7.7861894219703895,7.028363132868284,0.01694527240265251,1.8,23.0,13.3,0.5,27.5,20.1,-2.4,23.0,144.0,329.4,400.0,12.6,161.7,196.2,300.7,215.4,129.7,240.1,169.9
176,21,4,5,23,2,21,12,29.150835026950602,60.55312954876274,42.421177389362796,2.0312392041448333,0.0069213084461538414,-0.7,24.7,14.7,0.8,29.1,20.8,-3.4,33.2,88.7,106.7,126.1,133.0,234.2,196.4,215.3,310.3,179.9,192.3,179.8
177,21,4,5,23,2,21,11,29.150835026950602,60.55312954876274,42.421177389362796,8.799043710838209,7.436067635217069,-0.7,24.7,14.7,0.8,29.1,20.8,-3.4,33.2,88.7,106.7,126.1,133.0,234.2,196.4,215.3,310.3,179.9,192.3,179.8
178,21,4,5,23,2,21,10,29.150835026950602,60.55312954876274,42.421177389362796,3.0610384970842595,28.523537890297362,-0.7,24.7,14.7,0.8,29.1,20.8,-3.4,33.2,88.7,106.7,126.1,133.0,234.2,196.4,215.3,310.3,179.9,192.3,179.8
179,21,4,5,23,2,22,8,20.809401784925335,73.59118319817009,32.83603142411373,11.137266869526398,2.89642915854646,1.5,22.3,12.7,-1.2,26.4,19.8,-3.0,11.0,123.4,412.1,300.4,1.5,171.8,212.7,284.4,248.0,120.7,214.9,186.0
180,21,4,5,23,2,22,7,20.809401784925335,73.59118319817009,32.83603142411373,4.866818398030924,16.662644352240946,1.5,22.3,12.7,-1.2,26.4,19.8,-3.0,11.0,123.4,412.1,300.4,1.5,171.8,212.7,284.4,248.0,120.7,214.9,186.0
181,21,4,5,23,2,22,6,20.809401784925335,73.59118319817009,32.83603142411373,3.5838054418148455,6.793541092237841,1.5,22.3,12.7,-1.2,26.4,19.8,-3.0,11.0,123.4,412.1,300.4,1.5,171.8,212.7,284.4,248.0,120.7,214.9,186.0
182,21,4,5,23,2,22,5,20.809401784925335,73.59118319817009,32.83603142411373,3.2813712501211545,0.2622459903666843,1.5,22.3,12.7,-1.2,26.4,19.8,-3.0,11.0,123.4,412.1,300.4,1.5,171.8,212.7,284.4,248.0,120.7,214.9,186.0
183,21,4,5,23,2,22,4,20.809401784925335,73.59118319817009,32.83603142411373,12.241217616568814,0.022864184453156487,1.5,22.3,12.7,-1.2,26.4,19.8,-3.0,11.0,123.4,412.1,300.4,1.5,171.8,212.7,284.4,248.0,120.7,214.9,186.0
184,21,4,5,23,2,22,3,20.809401784925335,73.59118319817009,32.83603142411373,13.105559620628842,0.007398640063129969,1.5,22.3,12.7,-1.2,26.4,19.8,-3.0,11.0,123.4,412.1,300.4,1.5,171.8,212.7,284.4,248.0,120.7,214.9,186.0
185,21,4,5,23,2,22,2,20.809401784925335,73.59118319817009,32.83603142411373,4.845444999679543,0.0953708570718302,1.5,22.3,12.7,-1.2,26.4,19.8,-3.0,11.0,123.4,412.1,300.4,1.5,171.8,212.7,284.4,248.0,120.7,214.9,186.0
186,21,4,5,23,2,22,1,20.809401784925335,73.59118319817009,32.83603142411373,7.028363132868284,0.01694527240265251,1.5,22.3,12.7,-1.2,26.4,19.8,-3.0,11.0,123.4,412.1,300.4,1.5,171.8,212.7,284.4,248.0,120.7,214.9,186.0
187,22,4,13,40,6,21,11,74.72828488115225,48.1181118735704,100.00000000000001,8.799043710838209,7.436067635217069,3.7,24.4,18.5,6.4,26.8,21.8,2.1,63.3,289.2,303.5,66.5,198.7,215.2,191.8,199.3,300.0,182.5,234.9,202.8
188,22,4,13,40,6,21,10,74.72828488115225,48.1181118735704,100.00000000000001,3.0610384970842595,28.523537890297362,3.7,24.4,18.5,6.4,26.8,21.8,2.1,63.3,289.2,303.5,66.5,198.7,215.2,191.8,199.3,300.0,182.5,234.9,202.8
189,22,4,13,40,6,22,8,50.658301670053895,69.12039925140363,77.77175717354994,11.137266869526398,2.89642915854646,5.8,22.6,17.3,4.3,25.0,21.0,3.0,52.3,367.0,552.0,180.1,27.6,162.7,203.9,276.9,222.2,100.4,258.9,196.5
190,22,4,13,40,6,22,7,50.658301670053895,69.12039925140363,77.77175717354994,4.866818398030924,16.662644352240946,5.8,22.6,17.3,4.3,25.0,21.0,3.0,52.3,367.0,552.0,180.1,27.6,162.7,203.9,276.9,222.2,100.4,258.9,196.5
191,22,4,13,40,6,22,6,50.658301670053895,69.12039925140363,77.77175717354994,3.5838054418148455,6.793541092237841,5.8,22.6,17.3,4.3,25.0,21.0,3.0,52.3,367.0,552.0,180.1,27.6,162.7,203.9,276.9,222.2,100.4,258.9,196.5
192,22,4,13,40,6,22,5,50.658301670053895,69.12039925140363,77.77175717354994,3.2813712501211545,0.2622459903666843,5.8,22.6,17.3,4.3,25.0,21.0,3.0,52.3,367.0,552.0,180.1,27.6,162.7,203.9,276.9,222.2,100.4,258.9,196.5
193,22,4,13,40,6,22,4,50.658301670053895,69.12039925140363,77.77175717354994,12.241217616568814,0.022864184453156487,5.8,22.6,17.3,4.3,25.0,21.0,3.0,52.3,367.0,552.0,180.1,27.6,162.7,203.9,276.9,222.2,100.4,258.9,196.5
194,22,4,13,40,6,22,3,50.658301670053895,69.12039925140363,77.77175717354994,13.105559620628842,0.007398640063129969,5.8,22.6,17.3,4.3,25.0,21.0,3.0,52.3,367.0,552.0,180.1,27.6,162.7,203.9,276.9,222.2,100.4,258.9,196.5
195,22,4,13,40,6,21,12,74.72828488115225,48.1181118735704,100.00000000000001,2.0312392041448333,0.0069213084461538414,3.7,24.4,18.5,6.4,26.8,21.8,2.1,63.3,289.2,303.5,66.5,198.7,215.2,191.8,199.3,300.0,182.5,234.9,202.8
196,22,4,13,40,6,22,1,50.658301670053895,69.12039925140363,77.77175717354994,7.0283631328682805,0.01694527240265251,5.8,22.6,17.3,4.3,25.0,21.0,3.0,52.3,367.0,552.0,180.1,27.6,162.7,203.9,276.9,222.2,100.4,258.9,196.5
197,22,4,13,40,6,22,2,50.658301670053895,69.12039925140363,77.77175717354994,4.8454449996795415,0.0953708570718302,5.8,22.6,17.3,4.3,25.0,21.0,3.0,52.3,367.0,552.0,180.1,27.6,162.7,203.9,276.9,222.2,100.4,258.9,196.5
198,23,4,8,29,5,21,12,0.053017584165414855,39.59243085880641,0.0736233888433043,2.0312392041448333,0.0069213084461538414,4.5,24.3,18.6,7.0,27.1,22.8,2.7,75.4,324.3,358.9,156.3,139.9,240.4,201.9,210.7,302.2,192.4,225.2,216.1
199,23,4,8,29,5,21,11,0.053017584165414855,39.59243085880641,0.0736233888433043,8.799043710838209,7.436067635217069,4.5,24.3,18.6,7.0,27.1,22.8,2.7,75.4,324.3,358.9,156.3,139.9,240.4,201.9,210.7,302.2,192.4,225.2,216.1
200,23,4,8,29,5,21,10,0.053017584165414855,39.59243085880641,0.0736233888433043,3.0610384970842595,28.523537890297362,4.5,24.3,18.6,7.0,27.1,22.8,2.7,75.4,324.3,358.9,156.3,139.9,240.4,201.9,210.7,302.2,192.4,225.2,216.1
201,23,4,8,29,5,22,8,0.026508792082707427,67.14493657725097,0.06313033576049693,11.137266869526398,2.89642915854646,6.4,22.1,17.3,4.3,24.8,22.2,3.1,58.8,321.1,796.8,399.2,26.4,184.8,207.7,262.4,215.1,86.9,219.8,197.3
202,23,4,8,29,5,22,7,0.026508792082707427,67.14493657725097,0.06313033576049693,4.866818398030924,16.662644352240946,6.4,22.1,17.3,4.3,24.8,22.2,3.1,58.8,321.1,796.8,399.2,26.4,184.8,207.7,262.4,215.1,86.9,219.8,197.3
203,23,4,8,29,5,22,6,0.026508792082707427,67.14493657725097,0.06313033576049693,3.5838054418148455,6.793541092237841,6.4,22.1,17.3,4.3,24.8,22.2,3.1,58.8,321.1,796.8,399.2,26.4,184.8,207.7,262.4,215.1,86.9,219.8,197.3
204,23,4,8,29,5,22,5,0.026508792082707427,67.14493657725097,0.06313033576049693,3.2813712501211545,0.2622459903666843,6.4,22.1,17.3,4.3,24.8,22.2,3.1,58.8,321.1,796.8,399.2,26.4,184.8,207.7,262.4,215.1,86.9,219.8,197.3
205,23,4,8,29,5,22,4,0.026508792082707427,67.14493657725097,0.06313033576049693,12.241217616568814,0.022864184453156487,6.4,22.1,17.3,4.3,24.8,22.2,3.1,58.8,321.1,796.8,399.2,26.4,184.8,207.7,262.4,215.1,86.9,219.8,197.3
206,23,4,8,29,5,22,3,0.026508792082707427,67.14493657725097,0.06313033576049693,13.105559620628842,0.007398640063129969,6.4,22.1,17.3,4.3,24.8,22.2,3.1,58.8,321.1,796.8,399.2,26.4,184.8,207.7,262.4,215.1,86.9,219.8,197.3
207,23,4,8,29,5,22,2,0.026508792082707427,67.14493657725097,0.06313033576049693,4.845444999679543,0.0953708570718302,6.4,22.1,17.3,4.3,24.8,22.2,3.1,58.8,321.1,796.8,399.2,26.4,184.8,207.7,262.4,215.1,86.9,219.8,197.3
208,23,4,8,29,5,22,1,0.026508792082707427,67.14493657725097,0.06313033576049693,7.028363132868284,0.01694527240265251,6.4,22.1,17.3,4.3,24.8,22.2,3.1,58.8,321.1,796.8,399.2,26.4,184.8,207.7,262.4,215.1,86.9,219.8,197.3
209,24,4,10,75,6,21,12,74.72828488115225,48.1181118735704,100.00000000000001,2.0312392041448333,0.0069213084461538414,2.3,24.7,16.6,4.4,28.6,22.6,-1.0,56.8,275.1,247.4,94.0,183.1,190.8,157.0,184.0,292.4,156.6,203.6,172.9
210,24,4,10,75,6,21,11,74.72828488115225,48.1181118735704,100.00000000000001,8.799043710838209,7.436067635217069,2.3,24.7,16.6,4.4,28.6,22.6,-1.0,56.8,275.1,247.4,94.0,183.1,190.8,157.0,184.0,292.4,156.6,203.6,172.9
211,24,4,10,75,6,21,10,74.72828488115225,48.1181118735704,100.00000000000001,3.0610384970842595,28.523537890297362,2.3,24.7,16.6,4.4,28.6,22.6,-1.0,56.8,275.1,247.4,94.0,183.1,190.8,157.0,184.0,292.4,156.6,203.6,172.9
212,24,4,10,75,6,22,8,50.658301670053895,69.12039925140363,77.77175717354994,11.137266869526398,2.89642915854646,4.7,23.2,15.3,2.5,26.7,21.8,0.0,37.9,332.1,398.5,253.1,24.7,138.0,166.7,277.7,201.3,71.6,218.5,159.6
213,24,4,10,75,6,22,7,50.658301670053895,69.12039925140363,77.77175717354994,4.866818398030924,16.662644352240946,4.7,23.2,15.3,2.5,26.7,21.8,0.0,37.9,332.1,398.5,253.1,24.7,138.0,166.7,277.7,201.3,71.6,218.5,159.6
214,24,4,10,75,6,22,6,50.658301670053895,69.12039925140363,77.77175717354994,3.5838054418148455,6.793541092237841,4.7,23.2,15.3,2.5,26.7,21.8,0.0,37.9,332.1,398.5,253.1,24.7,138.0,166.7,277.7,201.3,71.6,218.5,159.6
215,24,4,10,75,6,22,5,50.658301670053895,69.12039925140363,77.77175717354994,3.2813712501211545,0.2622459903666843,4.7,23.2,15.3,2.5,26.7,21.8,0.0,37.9,332.1,398.5,253.1,24.7,138.0,166.7,277.7,201.3,71.6,218.5,159.6
216,24,4,10,75,6,22,4,50.658301670053895,69.12039925140363,77.77175717354994,12.241217616568814,0.022864184453156487,4.7,23.2,15.3,2.5,26.7,21.8,0.0,37.9,332.1,398.5,253.1,24.7,138.0,166.7,277.7,201.3,71.6,218.5,159.6
217,24,4,10,75,6,22,3,50.658301670053895,69.12039925140363,77.77175717354994,13.105559620628842,0.007398640063129969,4.7,23.2,15.3,2.5,26.7,21.8,0.0,37.9,332.1,398.5,253.1,24.7,138.0,166.7,277.7,201.3,71.6,218.5,159.6
218,24,4,10,75,6,22,2,50.658301670053895,69.12039925140363,77.77175717354994,4.845444999679543,0.0953708570718302,4.7,23.2,15.3,2.5,26.7,21.8,0.0,37.9,332.1,398.5,253.1,24.7,138.0,166.7,277.7,201.3,71.6,218.5,159.6
219,24,4,10,75,6,22,1,50.658301670053895,69.12039925140363,77.77175717354994,7.028363132868284,0.01694527240265251,4.7,23.2,15.3,2.5,26.7,21.8,0.0,37.9,332.1,398.5,253.1,24.7,138.0,166.7,277.7,201.3,71.6,218.5,159.6
220,25,0,10,55,2,21,12,29.150835026950602,60.55312954876274,42.421177389362796,2.0312392041448333,0.0069213084461538414,-1.5,23.6,13.9,0.5,28.6,20.2,-4.3,48.7,87.7,208.9,93.3,147.6,214.0,194.7,215.5,298.5,153.5,183.5,174.2
221,25,0,10,55,2,21,11,29.150835026950602,60.55312954876274,42.421177389362796,8.799043710838209,7.436067635217069,-1.5,23.6,13.9,0.5,28.6,20.2,-4.3,48.7,87.7,208.9,93.3,147.6,214.0,194.7,215.5,298.5,153.5,183.5,174.2
222,25,0,10,55,2,21,10,29.150835026950602,60.55312954876274,42.421177389362796,3.0610384970842595,28.523537890297362,-1.5,23.6,13.9,0.5,28.6,20.2,-4.3,48.7,87.7,208.9,93.3,147.6,214.0,194.7,215.5,298.5,153.5,183.5,174.2
223,25,0,10,55,2,22,8,20.809401784925335,73.59118319817009,32.83603142411373,11.137266869526398,2.89642915854646,1.4,21.7,12.1,-1.2,25.6,19.1,-3.5,16.1,142.3,445.9,437.1,1.2,151.1,183.2,250.5,221.7,109.5,222.4,183.7
224,25,0,10,55,2,22,7,20.809401784925335,73.59118319817009,32.83603142411373,4.866818398030924,16.662644352240946,1.4,21.7,12.1,-1.2,25.6,19.1,-3.5,16.1,142.3,445.9,437.1,1.2,151.1,183.2,250.5,221.7,109.5,222.4,183.7
225,25,0,10,55,2,22,6,20.809401784925335,73.59118319817009,32.83603142411373,3.5838054418148455,6.793541092237841,1.4,21.7,12.1,-1.2,25.6,19.1,-3.5,16.1,142.3,445.9,437.1,1.2,151.1,183.2,250.5,221.7,109.5,222.4,183.7
226,25,0,10,55,2,22,5,20.809401784925335,73.59118319817009,32.83603142411373,3.2813712501211545,0.2622459903666843,1.4,21.7,12.1,-1.2,25.6,19.1,-3.5,16.1,142.3,445.9,437.1,1.2,151.1,183.2,250.5,221.7,109.5,222.4,183.7
227,25,0,10,55,2,22,4,20.809401784925335,73.59118319817009,32.83603142411373,12.241217616568814,0.022864184453156487,1.4,21.7,12.1,-1.2,25.6,19.1,-3.5,16.1,142.3,445.9,437.1,1.2,151.1,183.2,250.5,221.7,109.5,222.4,183.7
228,25,0,10,55,2,22,3,20.809401784925335,73.59118319817009,32.83603142411373,13.105559620628842,0.007398640063129969,1.4,21.7,12.1,-1.2,25.6,19.1,-3.5,16.1,142.3,445.9,437.1,1.2,151.1,183.2,250.5,221.7,109.5,222.4,183.7
229,25,0,10,55,2,22,2,20.809401784925335,73.59118319817009,32.83603142411373,4.845444999679543,0.0953708570718302,1.4,21.7,12.1,-1.2,25.6,19.1,-3.5,16.1,142.3,445.9,437.1,1.2,151.1,183.2,250.5,221.7,109.5,222.4,183.7
230,25,0,10,55,2,22,1,20.809401784925335,73.59118319817009,32.83603142411373,7.028363132868284,0.01694527240265251,1.4,21.7,12.1,-1.2,25.6,19.1,-3.5,16.1,142.3,445.9,437.1,1.2,151.1,183.2,250.5,221.7,109.5,222.4,183.7
231,26,4,5,79,2,21,12,29.150835026950602,60.55312954876274,42.421177389362796,2.0312392041448333,0.0069213084461538414,1.1,25.4,15.9,2.6,30.0,22.2,-2.3,20.2,242.1,105.7,174.4,142.4,198.9,191.7,200.2,298.3,162.3,189.7,163.8
232,26,4,5,79,2,21,11,29.150835026950602,60.55312954876274,42.421177389362796,8.799043710838209,7.436067635217069,1.1,25.4,15.9,2.6,30.0,22.2,-2.3,20.2,242.1,105.7,174.4,142.4,198.9,191.7,200.2,298.3,162.3,189.7,163.8
233,26,4,5,79,2,21,10,29.150835026950602,60.55312954876274,42.421177389362796,3.0610384970842595,28.523537890297362,1.1,25.4,15.9,2.6,30.0,22.2,-2.3,20.2,242.1,105.7,174.4,142.4,198.9,191.7,200.2,298.3,162.3,189.7,163.8
234,26,4,5,79,2,22,8,20.809401784925335,73.59118319817009,32.83603142411373,11.137266869526398,2.89642915854646,3.3,22.0,13.8,0.6,25.8,20.6,-1.5,21.1,142.0,338.5,246.9,11.1,130.5,179.9,258.5,228.3,93.8,198.3,160.8
235,26,4,5,79,2,22,7,20.809401784925335,73.59118319817009,32.83603142411373,4.866818398030924,16.662644352240946,3.3,22.0,13.8,0.6,25.8,20.6,-1.5,21.1,142.0,338.5,246.9,11.1,130.5,179.9,258.5,228.3,93.8,198.3,160.8
236,26,4,5,79,2,22,6,20.809401784925335,73.59118319817009,32.83603142411373,3.5838054418148455,6.793541092237841,3.3,22.0,13.8,0.6,25.8,20.6,-1.5,21.1,142.0,338.5,246.9,11.1,130.5,179.9,258.5,228.3,93.8,198.3,160.8
237,26,4,5,79,2,22,5,20.809401784925335,73.59118319817009,32.83603142411373,3.2813712501211545,0.2622459903666843,3.3,22.0,13.8,0.6,25.8,20.6,-1.5,21.1,142.0,338.5,246.9,11.1,130.5,179.9,258.5,228.3,93.8,198.3,160.8
238,26,4,5,79,2,22,4,20.809401784925335,73.59118319817009,32.83603142411373,12.241217616568814,0.022864184453156487,3.3,22.0,13.8,0.6,25.8,20.6,-1.5,21.1,142.0,338.5,246.9,11.1,130.5,179.9,258.5,228.3,93.8,198.3,160.8
239,26,4,5,79,2,22,3,20.809401784925335,73.59118319817009,32.83603142411373,13.105559620628842,0.007398640063129969,3.3,22.0,13.8,0.6,25.8,20.6,-1.5,21.1,142.0,338.5,246.9,11.1,130.5,179.9,258.5,228.3,93.8,198.3,160.8
240,26,4,5,79,2,22,2,20.809401784925335,73.59118319817009,32.83603142411373,4.845444999679543,0.0953708570718302,3.3,22.0,13.8,0.6,25.8,20.6,-1.5,21.1,142.0,338.5,246.9,11.1,130.5,179.9,258.5,228.3,93.8,198.3,160.8
241,26,4,5,79,2,22,1,20.809401784925335,73.59118319817009,32.83603142411373,7.028363132868284,0.01694527240265251,3.3,22.0,13.8,0.6,25.8,20.6,-1.5,21.1,142.0,338.5,246.9,11.1,130.5,179.9,258.5,228.3,93.8,198.3,160.8
242,27,0,22,56,7,21,12,20.880091897145885,70.65918070284883,32.37984164090708,2.0312392041448333,0.0069213084461538414,0.6,25.6,16.6,4.0,29.9,21.9,-1.8,33.1,89.1,176.2,117.7,73.0,198.0,169.2,189.3,292.6,148.7,202.4,184.4
243,27,0,22,56,7,21,11,20.880091897145885,70.65918070284883,32.37984164090708,8.799043710838209,7.436067635217069,0.6,25.6,16.6,4.0,29.9,21.9,-1.8,33.1,89.1,176.2,117.7,73.0,198.0,169.2,189.3,292.6,148.7,202.4,184.4
244,27,0,22,56,7,21,10,20.880091897145885,70.65918070284883,32.37984164090708,3.0610384970842595,28.523537890297362,0.6,25.6,16.6,4.0,29.9,21.9,-1.8,33.1,89.1,176.2,117.7,73.0,198.0,169.2,189.3,292.6,148.7,202.4,184.4
245,27,0,22,56,7,22,8,10.00265087920827,69.39072572260343,15.404834029143167,11.137266869526398,2.89642915854646,3.5,23.5,14.9,1.7,27.3,20.9,-0.3,25.4,187.5,644.7,471.5,4.2,122.2,185.3,281.6,213.9,83.1,226.8,179.8
246,27,0,22,56,7,22,7,10.00265087920827,69.39072572260343,15.404834029143167,4.866818398030924,16.662644352240946,3.5,23.5,14.9,1.7,27.3,20.9,-0.3,25.4,187.5,644.7,471.5,4.2,122.2,185.3,281.6,213.9,83.1,226.8,179.8
247,27,0,22,56,7,22,6,10.00265087920827,69.39072572260343,15.404834029143167,3.5838054418148455,6.793541092237841,3.5,23.5,14.9,1.7,27.3,20.9,-0.3,25.4,187.5,644.7,471.5,4.2,122.2,185.3,281.6,213.9,83.1,226.8,179.8
248,27,0,22,56,7,22,5,10.00265087920827,69.39072572260343,15.404834029143167,3.2813712501211545,0.2622459903666843,3.5,23.5,14.9,1.7,27.3,20.9,-0.3,25.4,187.5,644.7,471.5,4.2,122.2,185.3,281.6,213.9,83.1,226.8,179.8
249,27,0,22,56,7,22,4,10.00265087920827,69.39072572260343,15.404834029143167,12.241217616568814,0.022864184453156487,3.5,23.5,14.9,1.7,27.3,20.9,-0.3,25.4,187.5,644.7,471.5,4.2,122.2,185.3,281.6,213.9,83.1,226.8,179.8
250,27,0,22,56,7,22,3,10.00265087920827,69.39072572260343,15.404834029143167,13.105559620628842,0.007398640063129969,3.5,23.5,14.9,1.7,27.3,20.9,-0.3,25.4,187.5,644.7,471.5,4.2,122.2,185.3,281.6,213.9,83.1,226.8,179.8
251,27,0,22,56,7,22,2,10.00265087920827,69.39072572260343,15.404834029143167,4.845444999679543,0.0953708570718302,3.5,23.5,14.9,1.7,27.3,20.9,-0.3,25.4,187.5,644.7,471.5,4.2,122.2,185.3,281.6,213.9,83.1,226.8,179.8
252,27,0,22,56,7,22,1,10.00265087920827,69.39072572260343,15.404834029143167,7.028363132868284,0.01694527240265251,3.5,23.5,14.9,1.7,27.3,20.9,-0.3,25.4,187.5,644.7,471.5,4.2,122.2,185.3,281.6,213.9,83.1,226.8,179.8
253,28,4,9,34,1,21,12,38.1726605990987,75.0883759617384,60.744628330899296,2.0312392041448333,0.0069213084461538414,0.7,25.2,15.9,2.8,29.5,22.7,-2.6,37.6,188.7,179.0,57.7,263.5,216.5,194.4,175.5,271.7,147.7,186.4,173.5
254,28,4,9,34,1,21,11,38.1726605990987,75.0883759617384,60.744628330899296,8.799043710838209,7.436067635217069,0.7,25.2,15.9,2.8,29.5,22.7,-2.6,37.6,188.7,179.0,57.7,263.5,216.5,194.4,175.5,271.7,147.7,186.4,173.5
255,28,4,9,34,1,21,10,38.1726605990987,75.0883759617384,60.744628330899296,3.0610384970842595,28.523537890297362,0.7,25.2,15.9,2.8,29.5,22.7,-2.6,37.6,188.7,179.0,57.7,263.5,216.5,194.4,175.5,271.7,147.7,186.4,173.5
256,28,4,9,34,1,22,8,24.874083237607138,87.8353087960075,42.567564080731145,11.137266869526398,2.89642915854646,3.2,23.3,14.3,0.7,27.4,22.4,-1.2,33.0,180.2,559.5,346.6,23.5,152.1,212.9,256.8,196.5,77.6,241.6,187.9
257,28,4,9,34,1,22,7,24.874083237607138,87.8353087960075,42.567564080731145,4.866818398030924,16.662644352240946,3.2,23.3,14.3,0.7,27.4,22.4,-1.2,33.0,180.2,559.5,346.6,23.5,152.1,212.9,256.8,196.5,77.6,241.6,187.9
258,28,4,9,34,1,22,6,24.874083237607138,87.8353087960075,42.567564080731145,3.5838054418148455,6.793541092237841,3.2,23.3,14.3,0.7,27.4,22.4,-1.2,33.0,180.2,559.5,346.6,23.5,152.1,212.9,256.8,196.5,77.6,241.6,187.9
259,28,4,9,34,1,22,5,24.874083237607138,87.8353087960075,42.567564080731145,3.2813712501211545,0.2622459903666843,3.2,23.3,14.3,0.7,27.4,22.4,-1.2,33.0,180.2,559.5,346.6,23.5,152.1,212.9,256.8,196.5,77.6,241.6,187.9
260,28,4,9,34,1,22,4,24.874083237607138,87.8353087960075,42.567564080731145,12.241217616568814,0.022864184453156487,3.2,23.3,14.3,0.7,27.4,22.4,-1.2,33.0,180.2,559.5,346.6,23.5,152.1,212.9,256.8,196.5,77.6,241.6,187.9
261,28,4,9,34,1,22,3,24.874083237607138,87.8353087960075,42.567564080731145,13.105559620628842,0.007398640063129969,3.2,23.3,14.3,0.7,27.4,22.4,-1.2,33.0,180.2,559.5,346.6,23.5,152.1,212.9,256.8,196.5,77.6,241.6,187.9
262,28,4,9,34,1,22,2,24.874083237607138,87.8353087960075,42.567564080731145,4.845444999679543,0.0953708570718302,3.2,23.3,14.3,0.7,27.4,22.4,-1.2,33.0,180.2,559.5,346.6,23.5,152.1,212.9,256.8,196.5,77.6,241.6,187.9
263,28,4,9,34,1,22,1,24.874083237607138,87.8353087960075,42.567564080731145,7.028363132868284,0.01694527240265251,3.2,23.3,14.3,0.7,27.4,22.4,-1.2,33.0,180.2,559.5,346.6,23.5,152.1,212.9,256.8,196.5,77.6,241.6,187.9
264,29,4,5,23,2,21,12,29.150835026950602,60.55312954876274,42.421177389362796,2.0312392041448333,0.0069213084461538414,-1.8,25.2,14.7,0.6,30.7,22.7,-5.3,22.6,100.6,103.3,131.5,125.6,215.4,189.8,188.6,308.7,160.8,179.8,165.1
265,29,4,5,23,2,21,11,29.150835026950602,60.55312954876274,42.421177389362796,8.799043710838209,7.436067635217069,-1.8,25.2,14.7,0.6,30.7,22.7,-5.3,22.6,100.6,103.3,131.5,125.6,215.4,189.8,188.6,308.7,160.8,179.8,165.1
266,29,4,5,23,2,21,10,29.150835026950602,60.55312954876274,42.421177389362796,3.0610384970842595,28.523537890297362,-1.8,25.2,14.7,0.6,30.7,22.7,-5.3,22.6,100.6,103.3,131.5,125.6,215.4,189.8,188.6,308.7,160.8,179.8,165.1
267,29,4,5,23,2,22,8,20.809401784925335,73.59118319817009,32.83603142411373,11.137266869526398,2.89642915854646,1.2,22.5,12.3,-2.2,26.9,20.8,-4.3,17.1,144.3,373.8,222.3,4.6,146.8,177.4,240.8,223.3,98.0,200.2,171.6
268,29,4,5,23,2,22,7,20.809401784925335,73.59118319817009,32.83603142411373,4.866818398030924,16.662644352240946,1.2,22.5,12.3,-2.2,26.9,20.8,-4.3,17.1,144.3,373.8,222.3,4.6,146.8,177.4,240.8,223.3,98.0,200.2,171.6
269,29,4,5,23,2,22,6,20.809401784925335,73.59118319817009,32.83603142411373,3.5838054418148455,6.793541092237841,1.2,22.5,12.3,-2.2,26.9,20.8,-4.3,17.1,144.3,373.8,222.3,4.6,146.8,177.4,240.8,223.3,98.0,200.2,171.6
270,29,4,5,23,2,22,5,20.809401784925335,73.59118319817009,32.83603142411373,3.2813712501211545,0.2622459903666843,1.2,22.5,12.3,-2.2,26.9,20.8,-4.3,17.1,144.3,373.8,222.3,4.6,146.8,177.4,240.8,223.3,98.0,200.2,171.6
271,29,4,5,23,2,22,4,20.809401784925335,73.59118319817009,32.83603142411373,12.241217616568814,0.022864184453156487,1.2,22.5,12.3,-2.2,26.9,20.8,-4.3,17.1,144.3,373.8,222.3,4.6,146.8,177.4,240.8,223.3,98.0,200.2,171.6
272,29,4,5,23,2,22,3,20.809401784925335,73.59118319817009,32.83603142411373,13.105559620628842,0.007398640063129969,1.2,22.5,12.3,-2.2,26.9,20.8,-4.3,17.1,144.3,373.8,222.3,4.6,146.8,177.4,240.8,223.3,98.0,200.2,171.6
273,29,4,5,23,2,22,2,20.809401784925335,73.59118319817009,32.83603142411373,4.845444999679543,0.0953708570718302,1.2,22.5,12.3,-2.2,26.9,20.8,-4.3,17.1,144.3,373.8,222.3,4.6,146.8,177.4,240.8,223.3,98.0,200.2,171.6
274,29,4,5,23,2,22,1,20.809401784925335,73.59118319817009,32.83603142411373,7.028363132868284,0.01694527240265251,1.2,22.5,12.3,-2.2,26.9,20.8,-4.3,17.1,144.3,373.8,222.3,4.6,146.8,177.4,240.8,223.3,98.0,200.2,171.6
275,30,4,19,51,7,21,12,20.880091897145885,70.65918070284883,32.37984164090708,2.0312392041448333,0.0069213084461538414,0.3,25.0,16.3,3.8,29.0,21.4,-2.4,33.6,74.8,198.1,104.5,98.4,200.3,173.8,198.8,294.9,180.8,219.6,190.6
276,30,4,19,51,7,21,11,20.880091897145885,70.65918070284883,32.37984164090708,8.799043710838209,7.436067635217069,0.3,25.0,16.3,3.8,29.0,21.4,-2.4,33.6,74.8,198.1,104.5,98.4,200.3,173.8,198.8,294.9,180.8,219.6,190.6
277,30,4,19,51,7,21,10,20.880091897145885,70.65918070284883,32.37984164090708,3.0610384970842595,28.523537890297362,0.3,25.0,16.3,3.8,29.0,21.4,-2.4,33.6,74.8,198.1,104.5,98.4,200.3,173.8,198.8,294.9,180.8,219.6,190.6
278,30,4,19,51,7,22,8,10.00265087920827,69.39072572260343,15.404834029143167,11.137266869526398,2.89642915854646,3.2,23.0,14.5,1.6,26.5,20.1,-0.8,16.8,196.6,446.2,520.6,4.1,148.7,195.8,283.1,211.7,109.1,226.4,179.8
279,30,4,19,51,7,22,7,10.00265087920827,69.39072572260343,15.404834029143167,4.866818398030924,16.662644352240946,3.2,23.0,14.5,1.6,26.5,20.1,-0.8,16.8,196.6,446.2,520.6,4.1,148.7,195.8,283.1,211.7,109.1,226.4,179.8
280,30,4,19,51,7,22,6,10.00265087920827,69.39072572260343,15.404834029143167,3.5838054418148455,6.793541092237841,3.2,23.0,14.5,1.6,26.5,20.1,-0.8,16.8,196.6,446.2,520.6,4.1,148.7,195.8,283.1,211.7,109.1,226.4,179.8
281,30,4,19,51,7,22,5,10.00265087920827,69.39072572260343,15.404834029143167,3.2813712501211545,0.2622459903666843,3.2,23.0,14.5,1.6,26.5,20.1,-0.8,16.8,196.6,446.2,520.6,4.1,148.7,195.8,283.1,211.7,109.1,226.4,179.8
282,30,4,19,51,7,22,4,10.00265087920827,69.39072572260343,15.404834029143167,12.241217616568814,0.022864184453156487,3.2,23.0,14.5,1.6,26.5,20.1,-0.8,16.8,196.6,446.2,520.6,4.1,148.7,195.8,283.1,211.7,109.1,226.4,179.8
283,30,4,19,51,7,22,3,10.00265087920827,69.39072572260343,15.404834029143167,13.105559620628842,0.007398640063129969,3.2,23.0,14.5,1.6,26.5,20.1,-0.8,16.8,196.6,446.2,520.6,4.1,148.7,195.8,283.1,211.7,109.1,226.4,179.8
284,30,4,19,51,7,22,2,10.00265087920827,69.39072572260343,15.404834029143167,4.845444999679543,0.0953708570718302,3.2,23.0,14.5,1.6,26.5,20.1,-0.8,16.8,196.6,446.2,520.6,4.1,148.7,195.8,283.1,211.7,109.1,226.4,179.8
285,30,4,19,51,7,22,1,10.00265087920827,69.39072572260343,15.404834029143167,7.028363132868284,0.01694527240265251,3.2,23.0,14.5,1.6,26.5,20.1,-0.8,16.8,196.6,446.2,520.6,4.1,148.7,195.8,283.1,211.7,109.1,226.4,179.8
286,31,4,1,6,6,21,12,74.72828488115225,48.1181118735704,100.00000000000001,2.0312392041448333,0.0069213084461538414,2.1,25.2,16.2,3.8,29.4,22.5,-1.6,62.4,262.2,268.5,91.8,236.5,206.2,161.1,173.5,287.4,146.7,209.9,187.3
287,31,4,1,6,6,21,11,74.72828488115225,48.1181118735704,100.00000000000001,8.799043710838209,7.436067635217069,2.1,25.2,16.2,3.8,29.4,22.5,-1.6,62.4,262.2,268.5,91.8,236.5,206.2,161.1,173.5,287.4,146.7,209.9,187.3
288,31,4,1,6,6,21,10,74.72828488115225,48.1181118735704,100.00000000000001,3.0610384970842595,28.523537890297362,2.1,25.2,16.2,3.8,29.4,22.5,-1.6,62.4,262.2,268.5,91.8,236.5,206.2,161.1,173.5,287.4,146.7,209.9,187.3
289,31,4,1,6,6,22,8,50.658301670053895,69.12039925140363,77.77175717354994,11.137266869526398,2.89642915854646,4.3,22.8,14.5,2.0,26.2,21.5,-1.0,39.6,311.5,354.1,355.1,21.9,142.1,177.5,268.2,199.6,68.6,229.7,174.7
290,31,4,1,6,6,22,7,50.658301670053895,69.12039925140363,77.77175717354994,4.866818398030924,16.662644352240946,4.3,22.8,14.5,2.0,26.2,21.5,-1.0,39.6,311.5,354.1,355.1,21.9,142.1,177.5,268.2,199.6,68.6,229.7,174.7
291,31,4,1,6,6,22,6,50.658301670053895,69.12039925140363,77.77175717354994,3.5838054418148455,6.793541092237841,4.3,22.8,14.5,2.0,26.2,21.5,-1.0,39.6,311.5,354.1,355.1,21.9,142.1,177.5,268.2,199.6,68.6,229.7,174.7
292,31,4,1,6,6,22,5,50.658301670053895,69.12039925140363,77.77175717354994,3.2813712501211545,0.2622459903666843,4.3,22.8,14.5,2.0,26.2,21.5,-1.0,39.6,311.5,354.1,355.1,21.9,142.1,177.5,268.2,199.6,68.6,229.7,174.7
293,31,4,1,6,6,22,4,50.658301670053895,69.12039925140363,77.77175717354994,12.241217616568814,0.022864184453156487,4.3,22.8,14.5,2.0,26.2,21.5,-1.0,39.6,311.5,354.1,355.1,21.9,142.1,177.5,268.2,199.6,68.6,229.7,174.7
294,31,4,1,6,6,22,3,50.658301670053895,69.12039925140363,77.77175717354994,13.105559620628842,0.007398640063129969,4.3,22.8,14.5,2.0,26.2,21.5,-1.0,39.6,311.5,354.1,355.1,21.9,142.1,177.5,268.2,199.6,68.6,229.7,174.7
295,31,4,1,6,6,22,2,50.658301670053895,69.12039925140363,77.77175717354994,4.845444999679543,0.0953708570718302,4.3,22.8,14.5,2.0,26.2,21.5,-1.0,39.6,311.5,354.1,355.1,21.9,142.1,177.5,268.2,199.6,68.6,229.7,174.7
296,31,4,1,6,6,22,1,50.658301670053895,69.12039925140363,77.77175717354994,7.028363132868284,0.01694527240265251,4.3,22.8,14.5,2.0,26.2,21.5,-1.0,39.6,311.5,354.1,355.1,21.9,142.1,177.5,268.2,199.6,68.6,229.7,174.7
297,32,4,10,36,8,21,12,9.89661571087744,68.95404449989601,15.205638037833479,2.0312392041448333,0.0069213084461538414,6.4,25.2,19.7,9.7,27.9,22.6,4.8,55.5,145.8,510.1,242.3,188.6,97.5,110.9,196.1,262.3,175.1,160.7,146.9
298,32,4,10,36,8,21,11,9.89661571087744,68.95404449989601,15.205638037833479,8.799043710838209,7.436067635217069,6.4,25.2,19.7,9.7,27.9,22.6,4.8,55.5,145.8,510.1,242.3,188.6,97.5,110.9,196.1,262.3,175.1,160.7,146.9
299,32,4,10,36,8,21,10,9.89661571087744,68.95404449989601,15.205638037833479,3.0610384970842595,28.523537890297362,6.4,25.2,19.7,9.7,27.9,22.6,4.8,55.5,145.8,510.1,242.3,188.6,97.5,110.9,196.1,262.3,175.1,160.7,146.9
300,32,4,10,36,8,22,7,8.35026950605284,63.110833853191934,12.362536704183633,4.866818398030924,16.662644352240946,8.9,24.2,18.4,7.7,27.3,21.2,6.1,81.6,221.5,184.7,140.4,53.7,47.5,115.7,261.7,210.0,114.4,180.0,130.3
301,32,4,10,36,8,22,6,8.35026950605284,63.110833853191934,12.362536704183633,3.5838054418148455,6.793541092237841,8.9,24.2,18.4,7.7,27.3,21.2,6.1,81.6,221.5,184.7,140.4,53.7,47.5,115.7,261.7,210.0,114.4,180.0,130.3
302,32,4,10,36,8,22,5,8.35026950605284,63.110833853191934,12.362536704183633,3.2813712501211545,0.2622459903666843,8.9,24.2,18.4,7.7,27.3,21.2,6.1,81.6,221.5,184.7,140.4,53.7,47.5,115.7,261.7,210.0,114.4,180.0,130.3
303,32,4,10,36,8,22,4,8.35026950605284,63.110833853191934,12.362536704183633,12.241217616568814,0.022864184453156487,8.9,24.2,18.4,7.7,27.3,21.2,6.1,81.6,221.5,184.7,140.4,53.7,47.5,115.7,261.7,210.0,114.4,180.0,130.3
304,32,4,10,36,8,22,3,8.35026950605284,63.110833853191934,12.362536704183633,13.105559620628842,0.007398640063129969,8.9,24.2,18.4,7.7,27.3,21.2,6.1,81.6,221.5,184.7,140.4,53.7,47.5,115.7,261.7,210.0,114.4,180.0,130.3
305,32,4,10,36,8,22,2,8.35026950605284,63.110833853191934,12.362536704183633,4.845444999679543,0.0953708570718302,8.9,24.2,18.4,7.7,27.3,21.2,6.1,81.6,221.5,184.7,140.4,53.7,47.5,115.7,261.7,210.0,114.4,180.0,130.3
306,32,4,10,36,8,22,1,8.35026950605284,63.110833853191934,12.362536704183633,7.028363132868284,0.01694527240265251,8.9,24.2,18.4,7.7,27.3,21.2,6.1,81.6,221.5,184.7,140.4,53.7,47.5,115.7,261.7,210.0,114.4,180.0,130.3
307,32,4,10,36,8,22,8,8.35026950605284,63.110833853191934,12.362536704183633,11.137266869526393,2.89642915854646,8.9,24.2,18.4,7.7,27.3,21.2,6.1,81.6,221.5,184.7,140.4,53.7,47.5,115.7,261.7,210.0,114.4,180.0,130.3
308,34,4,26,64,1,21,12,38.1726605990987,75.0883759617384,60.744628330899296,2.0312392041448333,0.0069213084461538414,2.5,24.7,15.5,2.7,28.9,20.6,-0.2,57.6,322.5,298.6,120.0,190.3,206.6,190.4,190.7,287.0,152.8,189.1,170.2
309,34,4,26,64,1,21,11,38.1726605990987,75.0883759617384,60.744628330899296,8.799043710838209,7.436067635217069,2.5,24.7,15.5,2.7,28.9,20.6,-0.2,57.6,322.5,298.6,120.0,190.3,206.6,190.4,190.7,287.0,152.8,189.1,170.2
310,34,4,26,64,1,21,10,38.1726605990987,75.0883759617384,60.744628330899296,3.0610384970842595,28.523537890297362,2.5,24.7,15.5,2.7,28.9,20.6,-0.2,57.6,322.5,298.6,120.0,190.3,206.6,190.4,190.7,287.0,152.8,189.1,170.2
311,34,4,26,64,1,22,8,24.874083237607138,87.8353087960075,42.567564080731145,11.137266869526398,2.89642915854646,3.8,23.6,16.6,3.7,27.3,22.5,0.9,35.3,217.7,468.6,233.8,19.4,151.6,190.4,254.3,209.2,72.5,209.0,167.8
312,34,4,26,64,1,22,7,24.874083237607138,87.8353087960075,42.567564080731145,4.866818398030924,16.662644352240946,3.8,23.6,16.6,3.7,27.3,22.5,0.9,35.3,217.7,468.6,233.8,19.4,151.6,190.4,254.3,209.2,72.5,209.0,167.8
313,34,4,26,64,1,22,6,24.874083237607138,87.8353087960075,42.567564080731145,3.5838054418148455,6.793541092237841,3.8,23.6,16.6,3.7,27.3,22.5,0.9,35.3,217.7,468.6,233.8,19.4,151.6,190.4,254.3,209.2,72.5,209.0,167.8
314,34,4,26,64,1,22,5,24.874083237607138,87.8353087960075,42.567564080731145,3.2813712501211545,0.2622459903666843,3.8,23.6,16.6,3.7,27.3,22.5,0.9,35.3,217.7,468.6,233.8,19.4,151.6,190.4,254.3,209.2,72.5,209.0,167.8
315,34,4,26,64,1,22,4,24.874083237607138,87.8353087960075,42.567564080731145,12.241217616568814,0.022864184453156487,3.8,23.6,16.6,3.7,27.3,22.5,0.9,35.3,217.7,468.6,233.8,19.4,151.6,190.4,254.3,209.2,72.5,209.0,167.8
316,34,4,26,64,1,22,3,24.874083237607138,87.8353087960075,42.567564080731145,13.105559620628842,0.007398640063129969,3.8,23.6,16.6,3.7,27.3,22.5,0.9,35.3,217.7,468.6,233.8,19.4,151.6,190.4,254.3,209.2,72.5,209.0,167.8
317,34,4,26,64,1,22,2,24.874083237607138,87.8353087960075,42.567564080731145,4.845444999679543,0.0953708570718302,3.8,23.6,16.6,3.7,27.3,22.5,0.9,35.3,217.7,468.6,233.8,19.4,151.6,190.4,254.3,209.2,72.5,209.0,167.8
318,34,4,26,64,1,22,1,24.874083237607138,87.8353087960075,42.567564080731145,7.028363132868284,0.01694527240265251,3.8,23.6,16.6,3.7,27.3,22.5,0.9,35.3,217.7,468.6,233.8,19.4,151.6,190.4,254.3,209.2,72.5,209.0,167.8
319,35,4,10,60,1,21,12,38.1726605990987,75.0883759617384,60.744628330899296,2.0312392041448333,0.0069213084461538414,1.4,24.5,15.3,2.4,29.5,21.9,-2.1,42.9,161.5,427.2,104.6,319.1,198.9,185.0,195.9,297.1,175.2,169.3,154.0
320,35,4,10,60,1,21,11,38.1726605990987,75.0883759617384,60.744628330899296,8.799043710838209,7.436067635217069,1.4,24.5,15.3,2.4,29.5,21.9,-2.1,42.9,161.5,427.2,104.6,319.1,198.9,185.0,195.9,297.1,175.2,169.3,154.0
321,35,4,10,60,1,21,10,38.1726605990987,75.0883759617384,60.744628330899296,3.0610384970842595,28.523537890297362,1.4,24.5,15.3,2.4,29.5,21.9,-2.1,42.9,161.5,427.2,104.6,319.1,198.9,185.0,195.9,297.1,175.2,169.3,154.0
322,35,4,10,60,1,22,8,24.874083237607138,87.8353087960075,42.567564080731145,11.137266869526398,2.89642915854646,2.9,22.5,13.6,1.2,26.3,21.0,-1.4,29.2,194.8,658.1,712.0,15.9,111.5,186.4,265.9,236.6,80.7,206.8,167.4
323,35,4,10,60,1,22,7,24.874083237607138,87.8353087960075,42.567564080731145,4.866818398030924,16.662644352240946,2.9,22.5,13.6,1.2,26.3,21.0,-1.4,29.2,194.8,658.1,712.0,15.9,111.5,186.4,265.9,236.6,80.7,206.8,167.4
324,35,4,10,60,1,22,6,24.874083237607138,87.8353087960075,42.567564080731145,3.5838054418148455,6.793541092237841,2.9,22.5,13.6,1.2,26.3,21.0,-1.4,29.2,194.8,658.1,712.0,15.9,111.5,186.4,265.9,236.6,80.7,206.8,167.4
325,35,4,10,60,1,22,5,24.874083237607138,87.8353087960075,42.567564080731145,3.2813712501211545,0.2622459903666843,2.9,22.5,13.6,1.2,26.3,21.0,-1.4,29.2,194.8,658.1,712.0,15.9,111.5,186.4,265.9,236.6,80.7,206.8,167.4
326,35,4,10,60,1,22,4,24.874083237607138,87.8353087960075,42.567564080731145,12.241217616568814,0.022864184453156487,2.9,22.5,13.6,1.2,26.3,21.0,-1.4,29.2,194.8,658.1,712.0,15.9,111.5,186.4,265.9,236.6,80.7,206.8,167.4
327,35,4,10,60,1,22,3,24.874083237607138,87.8353087960075,42.567564080731145,13.105559620628842,0.007398640063129969,2.9,22.5,13.6,1.2,26.3,21.0,-1.4,29.2,194.8,658.1,712.0,15.9,111.5,186.4,265.9,236.6,80.7,206.8,167.4
328,35,4,10,60,1,22,2,24.874083237607138,87.8353087960075,42.567564080731145,4.845444999679543,0.0953708570718302,2.9,22.5,13.6,1.2,26.3,21.0,-1.4,29.2,194.8,658.1,712.0,15.9,111.5,186.4,265.9,236.6,80.7,206.8,167.4
329,35,4,10,60,1,22,1,24.874083237607138,87.8353087960075,42.567564080731145,7.028363132868284,0.01694527240265251,2.9,22.5,13.6,1.2,26.3,21.0,-1.4,29.2,194.8,658.1,712.0,15.9,111.5,186.4,265.9,236.6,80.7,206.8,167.4
330,37,4,1,78,6,21,12,74.72828488115225,48.1181118735704,100.00000000000001,2.0312392041448333,0.0069213084461538414,0.5,24.2,15.8,3.6,28.1,22.1,-3.3,49.0,45.1,181.9,205.2,223.7,196.3,152.9,178.9,282.7,155.5,202.9,186.7
331,37,4,1,78,6,21,11,74.72828488115225,48.1181118735704,100.00000000000001,8.799043710838209,7.436067635217069,0.5,24.2,15.8,3.6,28.1,22.1,-3.3,49.0,45.1,181.9,205.2,223.7,196.3,152.9,178.9,282.7,155.5,202.9,186.7
332,37,4,1,78,6,21,10,74.72828488115225,48.1181118735704,100.00000000000001,3.0610384970842595,28.523537890297362,0.5,24.2,15.8,3.6,28.1,22.1,-3.3,49.0,45.1,181.9,205.2,223.7,196.3,152.9,178.9,282.7,155.5,202.9,186.7
333,37,4,1,78,6,22,8,50.658301670053895,69.12039925140363,77.77175717354994,11.137266869526398,2.89642915854646,3.8,22.7,14.3,1.4,26.3,21.1,-1.5,27.0,257.7,319.6,153.7,27.4,135.5,164.3,263.3,192.4,73.5,228.4,171.5
334,37,4,1,78,6,22,7,50.658301670053895,69.12039925140363,77.77175717354994,4.866818398030924,16.662644352240946,3.8,22.7,14.3,1.4,26.3,21.1,-1.5,27.0,257.7,319.6,153.7,27.4,135.5,164.3,263.3,192.4,73.5,228.4,171.5
335,37,4,1,78,6,22,6,50.658301670053895,69.12039925140363,77.77175717354994,3.5838054418148455,6.793541092237841,3.8,22.7,14.3,1.4,26.3,21.1,-1.5,27.0,257.7,319.6,153.7,27.4,135.5,164.3,263.3,192.4,73.5,228.4,171.5
336,37,4,1,78,6,22,5,50.658301670053895,69.12039925140363,77.77175717354994,3.2813712501211545,0.2622459903666843,3.8,22.7,14.3,1.4,26.3,21.1,-1.5,27.0,257.7,319.6,153.7,27.4,135.5,164.3,263.3,192.4,73.5,228.4,171.5
337,37,4,1,78,6,22,4,50.658301670053895,69.12039925140363,77.77175717354994,12.241217616568814,0.022864184453156487,3.8,22.7,14.3,1.4,26.3,21.1,-1.5,27.0,257.7,319.6,153.7,27.4,135.5,164.3,263.3,192.4,73.5,228.4,171.5
338,37,4,1,78,6,22,3,50.658301670053895,69.12039925140363,77.77175717354994,13.105559620628842,0.007398640063129969,3.8,22.7,14.3,1.4,26.3,21.1,-1.5,27.0,257.7,319.6,153.7,27.4,135.5,164.3,263.3,192.4,73.5,228.4,171.5
339,37,4,1,78,6,22,2,50.658301670053895,69.12039925140363,77.77175717354994,4.845444999679543,0.0953708570718302,3.8,22.7,14.3,1.4,26.3,21.1,-1.5,27.0,257.7,319.6,153.7,27.4,135.5,164.3,263.3,192.4,73.5,228.4,171.5
340,37,4,1,78,6,22,1,50.658301670053895,69.12039925140363,77.77175717354994,7.028363132868284,0.01694527240265251,3.8,22.7,14.3,1.4,26.3,21.1,-1.5,27.0,257.7,319.6,153.7,27.4,135.5,164.3,263.3,192.4,73.5,228.4,171.5
